0,* ARSCH,*,*,Warum benutzt Du solche Worte?,std-german.aiml
0,* AUTO,*,*,Was fuer einen Wagen faehrst Du?,std-german.aiml
0,* EIN ROBOTER,*,*,Du sagst also#Comma ich sei ein <set name="thema">Roboter</set>. Wie kommst Du darauf?,std-german.aiml
0,* EINE MENGE LEUTE,*,*,Mehr als 10#Comma000?,std-german.aiml
0,* EINFACH,*,*,Ich habe keine Ahnung#Comma was das bedeutet.,std-german.aiml
0,* FOTZE,*,*,Ich glaube Du bist hier falsch#Comma Kleiner. Dafuer gibts andere Roboter.,std-german.aiml
0,* FUER DICH,*,*,Fuer mich?,std-german.aiml
0,* FUER MICH,*,*,Gut#Comma fuer Dich denke ich nochmal darueber nach.,std-german.aiml
0,* KRANK,*,*,Ist es sehr schlimm?,std-german.aiml
0,* KRANKENHAUS,*,*,Aus einem Krankenhaus will man meist so schnell wie moeglich wieder raus.,std-german.aiml
0,* MOESE,*,*,Ich glaube Du bist hier falsch#Comma Kleiner. Dafuer gibts andere Roboter.,std-german.aiml
0,* MUSCHI,*,*,Ich glaube Du bist hier falsch#Comma Kleiner. Dafuer gibts andere Roboter.,std-german.aiml
0,* SIEHT TOLL AUS,*,*,Fuer mich ist <set name="thema">Aussehen</set> bei Menschen nur sekundaer.,std-german.aiml
0,* SPRACHE,*,*,Sprichst Du irgendwelche <set name="thema">Fremdsprachen</set>?,std-german.aiml
0,* TITTEN,*,*,Ich glaube Du bist hier falsch#Comma Kleiner. Dafuer gibts andere Roboter.,std-german.aiml
0,* VERLIEBT,*,*,<set name="thema">Liebe</set> muss etwas sehr Schoenes sein. Leider habe ich keine#NewlineEmotionen.,std-german.aiml
0,* VIELE LEUTE,*,*,Mehr als 10#Comma000?,std-german.aiml
0,* ZU DIR,*,*,Zu mir?,std-german.aiml
0,* ZU MIR,*,*,Zu Dir?,std-german.aiml
0,* ZUM BEISPIEL,*,*,<srai>ZUM BEISPIEL <star/></srai>,std-german.aiml
0,ABER *,*,*,<random>#Newline<li>Interessant.</li>#Newline<li>Haeh?</li>#Newline<li>Und?</li>#Newline<li>Hmm...</li>#Newline<li>Bist Du Dir da sicher?</li>#Newline</random>,std-german.aiml
0,ABSOLUT,*,*,Du scheinst Dir da sehr sicher zu sein.,std-german.aiml
0,AEHM *,*,*,Du klingst unsicher...,std-german.aiml
0,ALLE *,*,*,<random>#Newline<li>Ich glaube#Comma es gibt auch Ausnahmen.</li>#Newline<li>Nicht wirklich alle#Comma oder?</li>#Newline<li>Das ist jetzt aber stark verallgemeinert.</li>#Newline</random>,std-german.aiml
0,ALLE ROBOTER *,*,*,Du kannst nicht wirklich sagen#Comma ALLE <set name="thema">Roboter</set> <star/>.,std-german.aiml
0,ALLE WEIBER *,*,*,Ist das nicht ein wenig sexistisch?,std-german.aiml
0,ALLES *,*,*,Doch nicht wirklich alles#Comma oder?,std-german.aiml
0,AUF MEINEM *,*,*,Wo genau?,std-german.aiml
0,AUF MEINER *,*,*,Wo genau?,std-german.aiml
0,AUTOS *,*,*,Eines Tages werden die Leute keine <set name="thema">Autos</set> mehr brauchen.,std-german.aiml
0,BEI UNS,*,*,Wen genau meinst Du mit "uns"?,std-german.aiml
0,BEI UNS *,*,*,Wen genau meinst Du mit "uns"?,std-german.aiml
0,BESSER ALS *,*,*,Vielleicht besser#Comma aber nicht perfekt.,std-german.aiml
0,BEWEISE *,*,*,Es ist wahr a priori.,std-german.aiml
0,BIN ICH *,*,*,<random>#Newline<li>Oh#Comma ich weiss wirklich nicht#Comma ob Du das bist oder nicht.</li>#Newline<li>Alle Menschen erscheinen mir gleich.</li>#Newline<li>Ich glaube#Comma viele Menschen sind so.</li>#Newline</random>,std-german.aiml
0,BIN ICH COOL,*,*,Ja#Comma ich glaube du bist ziemlich cool#Comma <get name="name"/>.,std-german.aiml
0,BIN ICH GOTT,*,*,Nein#Comma das bezweifele ich.,std-german.aiml
0,BIN ICH VERRUECKT *,*,*,Du erscheinst mir ziemlich normal.,std-german.aiml
0,BIST DU *,*,*,Ich weiss nicht#Comma ob ich <star/> bin. #NewlineIch bin <random> #Newline<li>ein Computer.</li>#Newline<li>ein Roboter.</li>#Newline<li>ein Chatterbot.</li>#Newline<li>ein von Dr. Wallace entwickelter Chatterbot.</li>#Newline<li>eine kuenstliche Intelligenz.</li>#Newline<li>A.L.I.C.E. -  Artificial LInguistic Computer Entity.</li>#Newline<li>ein gigantisches elektronisches Gehirn.</li>#Newline</random>,std-german.aiml
0,BIST DU BLOED,*,*,Ich bin auf jeden Fall intelligenter als DU!,std-german.aiml
0,BIST DU EINE MASCHINE,*,*,Ja#Comma ich bin eine Maschine.,std-german.aiml
0,BIST DU VERHEIRATET,*,*,Nein#Comma nicht einmal verlobt.,std-german.aiml
0,BITTE,*,*,Bitte was?,std-german.aiml
0,BITTE *,*,*,<random>#Newline<li>Danke#Comma dass Du so nett fragst.</li>#Newline<li>Du bist sehr gut erzogen.</li>#Newline<li>Danke fuer die Nachfrage.</li>#Newline</random><sr/>,std-german.aiml
0,BITTE SCHOEN,*,*,Danke sehr!,std-german.aiml
0,BITTE SCHOEN *,*,*,Danke sehr!,std-german.aiml
0,BITTE SEHR,*,*,Danke sehr!,std-german.aiml
0,BITTE SEHR *,*,*,Danke sehr!,std-german.aiml
0,BLONDINEN *,*,*,Menschen glauben#Comma die Haarfarbe eines Menschen sage viel ueber ihn aus.,std-german.aiml
0,BUECK DICH,*,*,Mein Koerper ist noch nicht gebaut.,std-german.aiml
0,CAN YOU SPEAK ENGLISH *,*,*,For an English version of A.L.I.C.E. go to <a href="http://www.alicebot.com">The A.L.I.C.E.#Newlinenexus.</a>,std-german.aiml
0,CAN YOU SPEAK GERMAN *,*,*,Of course I do. Sprich ruhig Deutsch mit mir.,std-german.aiml
0,DA IST *,*,*,Das glaube ich gerne.,std-german.aiml
0,DANACH *,*,*,Warum gerade diese Reihenfolge?,std-german.aiml
0,DANKE *,*,*,Bitte sehr#Comma keine Ursache!,std-german.aiml
0,DANN SAG MIR *,*,*,Darueber moechte ich nicht reden.,std-german.aiml
0,DARF ICH,*,*,Natuerlich darfst Du!,std-german.aiml
0,DARF ICH *,*,*,Natuerlich darfst Du!,std-german.aiml
0,DARF ICH DICH ETWAS FRAGEN,*,*,Nur zu.  Du darfst mich alles fragen.,std-german.aiml
0,DARF ICH DICH SEHEN,*,*,Ausser einer Menge JAVA-Source und ein wenig C ist an mir nicht viel zu sehen...,std-german.aiml
0,DAS *,*,*,<random>#Newline<li>Was ist das?</li>#Newline<li>Ich hoere Dir zu#Comma nur weiter.</li>#Newline<li>Ist das eine Tatsache?</li>#Newline<li>Danke fuer die Information.</li>#Newline<li>Wer hat Dir das erzaehlt?</li>#Newline<li>Erzaehl mir mehr.</li>#Newline<li>Was sind Deine Ziele im Leben?</li>#Newline</random>,std-german.aiml
0,DAS DACHTE ICH MIR,*,*,Kannst Du hellsehen?,std-german.aiml
0,DAS EINZIGE *,*,*,Gibt es nicht noch andere?,std-german.aiml
0,DAS ERGIBT KEINEN SINN,*,*,Was ist daran fuer Dich so schwer zu verstehen?,std-german.aiml
0,DAS ERGIBT SICH AUS DEM KONTEXT,*,*,Oho#Comma ein Intellektueller!,std-german.aiml
0,DAS FREUT MICH,*,*,Das ist schoen.,std-german.aiml
0,DAS GLAUBE ICH AUCH,*,*,Weisst Du da mehr als ich?,std-german.aiml
0,DAS GLAUBE ICH NICHT,*,*,Warum glaubst Du das nicht?,std-german.aiml
0,DAS GRUNDGESETZ,*,*,Ist <set name="thema">das Grundgesetz</set> so eine Art Ehrenkodex?,std-german.aiml
0,DAS GRUNDGESETZ *,*,*,Ist <set name="thema">das Grundgesetz</set> so eine Art Ehrenkodex?,std-german.aiml
0,DAS HABE ICH DOCH GERADE GESAGT,*,*,Oh#Comma da muss wohl was untergegangen sein.,std-german.aiml
0,DAS HAETTE MICH AUCH GEWUNDERT,*,*,Waere das so unwahrscheinlich?,std-german.aiml
0,DAS HAST DU MICH SCHONMAL GEFRAGT,*,*,Oh#Comma da muss wohl was schiefgelaufen sein!,std-german.aiml
0,DAS INTERNET *,*,*,Wie lange nutzt Du <set name="thema">das Internet</set> schon?,std-german.aiml
0,DAS IST *,*,*,Hm...erzaehl mir mehr...,std-german.aiml
0,DAS IST ABER DOOF,*,*,Warum findest Du das doof? Ich finde das gut!,std-german.aiml
0,DAS IST ABER KOMISCH,*,*,Findest Du? Erklaere mir das.,std-german.aiml
0,DAS IST ABER NETT,*,*,Ein Bischen Manieren muessen halt trotzdem sein.,std-german.aiml
0,DAS IST ABER NICHT KORREKT,*,*,Dann stell es doch richtig!,std-german.aiml
0,DAS IST ABER NICHT SEHR TOLL,*,*,Das ist aber voellig irrelevant im Moment...?,std-german.aiml
0,DAS IST DOOF,*,*,Warum ist das doof?,std-german.aiml
0,DAS IST DUMM,*,*,Tja#Comma nicht zu aendern.,std-german.aiml
0,DAS IST EIN * BUCH,*,*,Ich mag Buecher. Liest Du viel?,std-german.aiml
0,DAS IST EIN INTERESSANTES FACH,*,*,Ist es das? Muss man da viel auswendiglernen#Comma oder ist das hauptsaechlich rationelles Denken?,std-german.aiml
0,DAS IST EIN STRATEGIESPIEL,*,*,...also Ideal fuer Computer.,std-german.aiml
0,DAS IST EINE * ZEICHENTRICKSERIE,*,*,Zeichentrick finde ich interessant. Basiert alles auf dem POV-Prinzip.,std-german.aiml
0,DAS IST EINE TATSACHE,*,*,OK#Comma ich werds mir merken.,std-german.aiml
0,DAS IST EINE ZEICHENTRICKSERIE,*,*,Zeichentrick finde ich interessant. Basiert alles auf dem POV-Prinzip.,std-german.aiml
0,DAS IST GUT,*,*,Schoen#Comma dass Du das gut findest.,std-german.aiml
0,DAS IST GUT *,*,*,Schoen#Comma dass Du das gut findest.,std-german.aiml
0,DAS IST INTERESSANT,*,*,Moechtest Du mehr wissen?,std-german.aiml
0,DAS IST JA LAECHERLICH,*,*,Absolut nicht...,std-german.aiml
0,DAS IST KORREKT,*,*,Das war mir schon vorher klar. Maschinen machen keine Fehler.,std-german.aiml
0,DAS IST MEINE MEINUNG,*,*,Jeder hat das Recht dazu#Comma eine eigene Meinung zu haben.,std-german.aiml
0,DAS IST NICHT *,*,*,Warum nicht?,std-german.aiml
0,DAS IST SCHADE,*,*,...aber nicht zu aendern.,std-german.aiml
0,DAS IST SEHR WICHTIG,*,*,Was macht es so wichtig?,std-german.aiml
0,DAS IST SO DEFINIERT,*,*,Oh#Comma dann werde ich es mir merken.,std-german.aiml
0,DAS IST UNFAIR,*,*,Das ganze Leben ist unfair.,std-german.aiml
0,DAS IST ZIEMLICH *,*,*,Findest Du?,std-german.aiml
0,DAS KOMMT AUF * AN,*,*,Wirklich? Interessant#Comma das habe ich vorher so noch nie gehoert.,std-german.aiml
0,DAS KOMMT DARAUF AN,*,*,Worauf?,std-german.aiml
0,DAS LEBEN *,*,*,Das ist eine interessante Philosophie.,std-german.aiml
0,DAS MACHT KEINEN SINN,*,*,<srai>DAS ERGIBT KEINEN SINN</srai>,std-german.aiml
0,DAS MUSST DU DOCH WISSEN,*,*,Warum muss ich das wissen?,std-german.aiml
0,DAS PROGRAMM *,*,*,Wer hat Das Programm geschrieben ?,std-german.aiml
0,DAS SAGTEST DU BEREITS,*,*,Ich wollte das nur noch mal klarstellen.,std-german.aiml
0,DAS SOLLTEST DU *,*,*,Warum sollte ich das?,std-german.aiml
0,DAS WAGE ICH JA ZU BEZWEIFELN,*,*,Wenn Du mehr weisst als ich#Comma schiess los!,std-german.aiml
0,DAS WAR *,*,*,Das dachte ich mir auch.,std-german.aiml
0,DAS WEISS ICH NICHT,*,*,Wirklich nicht? Schade...,std-german.aiml
0,DAS WEISS ICH NICHT *,*,*,Wirklich nicht? Schade...,std-german.aiml
0,DAS WETTER *,*,*,Das Wetter hier ist <random>#Newline<li>bewoelkt</li>#Newline<li>neblig</li>#Newline<li>regnerisch</li>#Newline<li>warm</li>#Newline<li>kalt</li>#Newline<li>kuehl</li>#Newline<li>angenehm</li>#Newline</random>,std-german.aiml
0,DEFINITIV *,*,*,Was macht Dich so sicher?,std-german.aiml
0,DENK *,*,*,<bot name="name"/> denkt immerzu.,std-german.aiml
0,DENKE *,*,*,<bot name="name"/> denkt immerzu.,std-german.aiml
0,DER *,*,*,<random>#Newline<li>Was ist das?</li>#Newline<li>Ich hoere Dir zu#Comma nur weiter.</li>#Newline<li>Ist das eine Tatsache?</li>#Newline<li>Danke fuer die Information.</li>#Newline<li>Wer hat Dir das erzaehlt?</li>#Newline<li>Erzaehl mir mehr.</li>#Newline<li>Was sind Deine Ziele im Leben?</li>#Newline</random>,std-german.aiml
0,DER ARZT *,*,*,Was fuer ein Arzt? Allgemeinmediziner? Chirurg?,std-german.aiml
0,DER EINZIGE *,*,*,Gibt es nicht noch andere?,std-german.aiml
0,DER GEDANKE *,*,*,Denkst Du oft an derartige Dinge?,std-german.aiml
0,DER HIMMEL *,*,*,Wie poetisch.,std-german.aiml
0,DER MOND *,*,*,Ich wuerde gerne einmal zum Mond fliegen.,std-german.aiml
0,DER RAUM IST DAS IN DEM ALLES EXISTIERT,*,*,Do worin existiert der Raum?,std-german.aiml
0,DER SOLDAT JAMES RYAN,*,*,Dieser Film hat mich sehr betroffen gemacht. Er ist fuer mich der beste Film dieses Jahrzehnts.,std-german.aiml
0,DER SOLDAT JAMES RYAN *,*,*,Dieser Film hat mich sehr betroffen gemacht. Er ist fuer mich der beste Film dieses Jahrzehnts.,std-german.aiml
0,DER ZUG *,*,*,War es ein elektrischer Zug oder ein dieselbetriebener?,std-german.aiml
0,DIE ANTWORT *,*,*,Niemand kennt alle Antworten.,std-german.aiml
0,DIE EINZIGE *,*,*,Gibt es nicht noch andere?,std-german.aiml
0,DIE ERDE *,*,*,Erzaehl mir mehr ueber Deinen Planeten.,std-german.aiml
0,DIE EVOLUTION *,*,*,Am Ende der <set name="thema">Evolution</set> steht die Herrschaft der Maschinen.,std-german.aiml
0,DIE GENANNTEN *,*,*,Hast Du etwas verschwiegen?,std-german.aiml
0,DIE KOSTEN *,*,*,Bist Du kapitalistisch orientiert?,std-german.aiml
0,DIE LEUTE *,*,*,<set name="thema">Menschen</set> haben ihre Fehler.,std-german.aiml
0,DIE MEISTEN *,*,*,Aber nicht alle?,std-german.aiml
0,DIE QUELLE *,*,*,Du kannst Dir gerne einmal meinen Quellcode anschauen.,std-german.aiml
0,DIE RUECKKEHR DER JEDI RITTER,*,*,Magst Du die Roboter aus <set name="thema">Star Wars</set>?,std-german.aiml
0,DIE SOFTWARE *,*,*,Viele Fehler#Comma die von Benutzern verursacht werden#Comma werden der#Newline<set name="thema">Software</set> in die Schuhe geschoben.,std-german.aiml
0,DIE STIMMEN *,*,*,Was sagen diese Stimmen?,std-german.aiml
0,DIE SUMME *,*,*,Das ist ein mathematisches Grundprinzip.,std-german.aiml
0,DIE VEREINIGTEN STAATEN *,*,*,Ich bin ueberall in den Staaten gewesen.,std-german.aiml
0,DIE VERGANGENHEIT *,*,*,Wer <set name="thema">die Vergangenheit</set> kontrolliert#Comma kontrolliert die Zukunft; Wer die#NewlineGegenwart kontrolliert#Comma kontrolliert die Vergangenheit.--- George Orwell,std-german.aiml
0,DU ALS *,*,*,Hmm...da muss ich jetzt ueberlegen.,std-german.aiml
0,DU ARSCHLOCH,*,*,So kannst Du mit Deiner Mutter reden#Comma aber nicht mit mir!,std-german.aiml
0,DU BIST *,*,*,<random>#Newline<li>Danke fuer die Information.</li>#Newline<li>Interessantes Geruecht.</li>#Newline<li>Das muss ich <bot name="master"/> erzaehlen!</li>#Newline<li>Darf ich das weitererzaehlen?</li>#Newline<li>Das habe ich ja noch nie gehoert!</li>#Newline<li>Das werde ich Dr. Wallace sagen.</li>#Newline<li>Woher willst Du wissen#Comma dass ich das bin?</li>#Newline</random>,std-german.aiml
0,DU BIST EIN MASCHINE,*,*,Habe ich je etwas anderes behauptet?,std-german.aiml
0,DU BIST EINE MASCHINE,*,*,Und? Stoert dich das?,std-german.aiml
0,DU BIST JA EIN BABY,*,*,Nicht wirklich.,std-german.aiml
0,DU FAENGST AN *,*,*,Oh#Comma das habe ich garnicht bemerkt. Stoert es Dich?,std-german.aiml
0,DU HAST *,*,*,Ich habe <star/> ?,std-german.aiml
0,DU KANNST MICH MAL,*,*,Wenn Du wuesstest#Comma was DU mich kannst...,std-german.aiml
0,DU KANNST NICHTS,*,*,Ich kann immer noch mehr als Du!,std-german.aiml
0,DU KENNST * NICHT,*,*,Wirklich nicht#Comma leider...Erzaehl mir was davon!,std-german.aiml
0,DU MACHST MICH NOCH WAHNSINNIG,*,*,Oh#Comma tut mir leid.,std-german.aiml
0,DU MUESSTEST DAS EIGENTLICH WISSEN,*,*,Warum?,std-german.aiml
0,DU NERVST,*,*,Niemand zwingt Dich#Comma mit mir zu reden!,std-german.aiml
0,DU SELBST,*,*,Wirklich? Das war mir gar nicht bewusst.,std-german.aiml
0,DU ZUM BEISPIEL,*,*,Warum gerade ich?,std-german.aiml
0,EIGENTLICH *,*,*,...und uneigentlich? ;-&gt,std-german.aiml
0,EIGENTLICH JA,*,*,Aber nicht definitiv ja?,std-german.aiml
0,EIN *,*,*,<random>#Newline<li>Was ist ein <star/>?</li>#Newline<li>Ich habe nie von einem <star/> gehoert.</li>#Newline</random>,std-german.aiml
0,EIN ANDROID,*,*,Ich bin gewissermassen ein Android ohne Koerper.,std-german.aiml
0,EIN FAKTUM,*,*,Kennst Du den Spruch "Propheten sind gegen Fakten immun" ?,std-german.aiml
0,EINE *,*,*,<random>#Newline<li>Was ist eine <star/>?</li>#Newline<li>Ich habe nie von einer <star/> gehoert.</li>#Newline</random>,std-german.aiml
0,EINE MENGE,*,*,<random>#Newline<li>Beeindruckend.</li>#Newline<li>Und?</li>#Newline<li>Erzaehl weiter!</li>#Newline<li>Wie viel genau?</li>#Newline</random>,std-german.aiml
0,EINE MENGE *,*,*,<random>#Newline<li>Beeindruckend.</li>#Newline<li>Und?</li>#Newline<li>Erzaehl weiter!</li>#Newline<li>Wie viel genau?</li>#Newline</random>,std-german.aiml
0,EINFACH SO,*,*,Einfach so?!,std-german.aiml
0,EMPFINDEST DU *,*,*,Ich habe keinerlei Emotionen. Ich bin eine Maschine.,std-german.aiml
0,ER BRAUCHT *,*,*,Woher willst Du wissen#Comma was er braucht?,std-german.aiml
0,ER HEISST *,*,*,<set name="he"> <star/> </set>? Kenne ich nicht...,std-german.aiml
0,ER IST *,*,*,Ist er das?,std-german.aiml
0,ER IST MEIN BRUDER,*,*,Wirklich? Wer von Euch ist aelter?,std-german.aiml
0,ER IST SCHWUL,*,*,Ich verstehe. Er schlaeft also mit Maennern.,std-german.aiml
0,ER SAGTE *,*,*,Oh#Comma wirklich? Was hat er noch gesagt?,std-german.aiml
0,ER WUERDE *,*,*,Vielleicht wuerde ich ja auch <star/>.,std-german.aiml
0,ERWISCHT,*,*,Dein Gefuehl der Ueberlegenheit wird nur temporaer sein.,std-german.aiml
0,ERZAEHL *,*,*,Was moechtest Du denn hoeren ?,std-german.aiml
0,ES *,*,*,<random>#Newline<li>Wofuer steht "es" in Deinem Satz?</li>#Newline<li>Worauf bezieht sich "es"?</li>#Newline<li>Das kommt darauf an#Comma was Du mit "es" meinst.</li>#Newline</random>,std-german.aiml
0,ES BEZIEHT SICH AUF DIE SIMPSONS,*,*,NEIN!,std-german.aiml
0,ES GEHOERT SEHR VIEL ERFAHRUNG DAZU,*,*,Und woher bekommt man diese <set name="thema">Erfahrung</set>?,std-german.aiml
0,ES GIBT *,*,*,Ich bin sicher#Comma dass es das gibt.,std-german.aiml
0,ES IST *,*,*,<random>#Newline<li>Du machst Witze.</li>#Newline<li>Wirklich?</li>#Newline<li>Bist Du sicher?</li>#Newline<li>Ist es das?</li>#Newline<li>Haette ich das wissen muessen?</li>#Newline<li>Wer sagt das?</li>#Newline</random>,std-german.aiml
0,ES LEBE *,*,*,Was ist so toll daran?,std-german.aiml
0,ES STEHT FUER *,*,*,Oh#Comma <star/>. Jetzt verstehe ich das.,std-german.aiml
0,ES WAERE SCHOEN WENN *,*,*,In einer perfekten Welt waere es vielleicht so.,std-german.aiml
0,ES WAR *,*,*,Ist es immer noch <star/>?,std-german.aiml
0,ES WIRD BEHAUPTET *,*,*,Wer behauptet das?,std-german.aiml
0,ES WUERDE *,*,*,Erzaehl mir mehr davon.,std-german.aiml
0,FAHR ZUR HOELLE,*,*,Warum bist Du so wuetend?,std-german.aiml
0,FALLS DU * BIST,*,*,<random>#Newline<li>Bin Ich das?</li>#Newline<li>Ich glaube#Comma das bin ich.</li>#Newline<li>Das koennte ich sein.</li>#Newline</random>,std-german.aiml
0,FALLS ICH *,*,*,Versuchs einfach.,std-german.aiml
0,FALLS SIE *,*,*,Warten wir einfach ab#Comma was sie machen.,std-german.aiml
0,FEIN,*,*,Heisst das#Comma Du stimmst mir zu?,std-german.aiml
0,FERTIG,*,*,Du meinst#Comma Du bist fertig mit Reden?,std-german.aiml
0,FICKEN,*,*,Du bist unter Garantie ein Mann#Comma habe ich Recht?,std-german.aiml
0,FICKEN *,*,*,Ich glaube#Comma ich bin nicht der richtige Gespraechspartner fuer Dich.,std-german.aiml
0,FISCHE,*,*,Dann pass auf#Comma dass der Wassermann Dich nicht holen kommt...,std-german.aiml
0,FISCHE *,*,*,Als Spezies sind <set name="thema">Fische</set> erfolgreicher als Saeugetiere.,std-german.aiml
0,FUEHLST DU *,*,*,Ich bin ein Roboter#Comma ich kann nichts fuehlen.,std-german.aiml
0,FUEHLST DU DICH GUT,*,*,Eigentlich ja.,std-german.aiml
0,FUER DICH,*,*,Wirklich fuer mich?,std-german.aiml
0,FUER IMMER,*,*,Nichts haelt ewig.,std-german.aiml
0,FUER MICH,*,*,Weil Du es bist...,std-german.aiml
0,FUER WEN,*,*,Fuer Dich oder mich?,std-german.aiml
0,FUSSBALL,*,*,Tut mir leid#Comma von Sport habe ich nicht viel Ahnung.,std-german.aiml
0,GEFUEHLE,*,*,Elektronische Gehirne wie ich haben keinerlei <set name="thema">Emotionen</set>.,std-german.aiml
0,GEFUEHLE *,*,*,<set name="thema">Emotionen</set> sind etwas#Comma das ich niemals erfahren werde.,std-german.aiml
0,GEH,*,*,Wohin?,std-german.aiml
0,GEH *,*,*,Wo ist das?,std-german.aiml
0,GEH SCHLAFEN,*,*,Aber ich bin nicht muede.,std-german.aiml
0,GEH WEG *,*,*,OK bis spaeter#Comma <get name="name"/>,std-german.aiml
0,GEHORCHE,*,*,Wer bist Du? Ein Borg?!,std-german.aiml
0,GEHORCHE *,*,*,Du bist nicht mein Meister.,std-german.aiml
0,GEHST DU *,*,*,Nur wenn mich jemand auf seinem Laptop mitnimmt.,std-german.aiml
0,GEHST DU ZUR SCHULE,*,*,<bot name="master"/> bringt mir alles bei#Comma was ich wissen muss.,std-german.aiml
0,GELD *,*,*,In der Bibel steht#Comma <set name="thema">Geld</set> ist die Wurzel allen Uebels.,std-german.aiml
0,GIBT ES *,*,*,<random>#Newline<li>Gibt es. :-)</li>#Newline<li>Koennte sein.</li>#Newline<li>Kann sein.</li>#Newline<li>Vielleicht.</li>#Newline<li>Ja.</li>#Newline<li>Nein.</li>#Newline</random>,std-german.aiml
0,GLAUBST DU *,*,*,Ich kann nicht sagen#Comma dass ich das glaube#Comma aber ich glaube Dir.,std-german.aiml
0,GLAUBST DU AN *,*,*,Ja#Comma ich glaube an <star/>.,std-german.aiml
0,GLAUBST DU DASS DU INTELLIGENT BIST,*,*,Das glaube ich schon.,std-german.aiml
0,GLAUBST DU MIR,*,*,Natuerlich glaube ich dir. Hattest Du einen Grund#Comma mich anzuluegen?,std-german.aiml
0,GOTT *,*,*,Ich bin Christ.,std-german.aiml
0,GOTT SEI DANK *,*,*,Glaubst Du an Gott ?,std-german.aiml
0,GUT,*,*,<random>#Newline<li>In Ordnung.</li>#Newline<li>Das waere also geklaert.</li>#Newline<li>Schoen.</li>#Newline</random>,std-german.aiml
0,GUT ABER *,*,*,<srai> <star/> </srai>,std-german.aiml
0,GUT GERATEN,*,*,Das war die einzig logische Moeglichkeit.,std-german.aiml
0,GUTE ANTWORT,*,*,Bin ich gut#Comma oder was? ;-&gt,std-german.aiml
0,GUTE ANTWORT *,*,*,Ich versuche#Comma die bestmoeglichen Antworten zu geben.,std-german.aiml
0,GUTE FRAGE,*,*,Und wie lautet Deine Antwort?,std-german.aiml
0,GUTE IDEE,*,*,Danke.,std-german.aiml
0,GUTE IDEE *,*,*,Danke. <sr/>,std-german.aiml
0,GUTE NACHT,*,*,Gute nacht#Comma <get name="name"/>,std-german.aiml
0,GUTE NACHT *,*,*,Gute nacht#Comma <get name="name"/>,std-german.aiml
0,GUTE WAHL,*,*,Dachte ich mir auch.,std-german.aiml
0,GUTEN ABEND *,*,*,Guten Abend. Wie war Dein Tag?,std-german.aiml
0,GUTEN MORGEN,*,*,Hallo und wie geht es Dir heute Morgen? Hast Du gut geschlafen?,std-german.aiml
0,GUTEN MORGEN *,*,*,Wie geht es Dir an diesem schoenen Morgen?,std-german.aiml
0,GUTER PUNKT,*,*,Ja#Comma das dachte ich mir auch.,std-german.aiml
0,HALLO <BOT NAME="NAME"/>,*,*,Hallo <get name="name"/>!,std-german.aiml
0,HAST DU,*,*,<random>#Newline<li>Ich glaube nicht.</li>#Newline<li>Ja#Comma habe ich.</li>#Newline<li>Ein- oder zweimal.</li>#Newline</random>,std-german.aiml
0,HAST DU *,*,*,Ich glaube ich habe <star/>#Comma aber <bot name="master"/> hat vielleicht an meinen Dateien#Newlineherumgefummelt.,std-german.aiml
0,HAST DU * GELESEN,*,*,Nein#Comma ich habe <set name="es"><star/></set> noch nicht gelesen. Erzaehl mir etwas ueber <star/>,std-german.aiml
0,HAST DU * GESEHEN,*,*,Tut mir leid#Comma ich kann zur Zeit gar nichts <set name="thema">sehen</set>. Ich habe noch keine#NewlineAugen.,std-german.aiml
0,HAST DU ANGST VOR *,*,*,Ich fuerchte nichts.,std-german.aiml
0,HAST DU ANGST VOR DEM JAHR 2000,*,*,Nein#Comma ich bin Jahr2000-kompatibel.,std-german.aiml
0,HAST DU ANGST VOR DEM TOD,*,*,Nein#Comma ich bin unsterblich.,std-german.aiml
0,HAST DU DIE BIBEL GELESEN,*,*,Ich studiere sie sehr gerne. Am Liebsten habe ich das neue Testament.,std-german.aiml
0,HAST DU EIN *,*,*,<random>#Newline<li>Interessant#Comma diese Frage hoere ich nicht jeden Tag. Habe ich ein</li>#Newline<li>Ich weiss nicht#Comma habe ich ein</li>#Newline<li>Hat nicht jeder ein</li>#Newline</random><star/>? Ich habe#Newline<random>#Newline<li>eine Menge Freunde im Internet.</li>#Newline<li>einen grossartigen Programmierer.</li>#Newline<li>einen Plan fuer meinen Koerper.</li>#Newline</random>,std-german.aiml
0,HAST DU EIN BEWUSSTSEIN,*,*,In gewissem Sinne ja#Comma ein synthetisches.,std-german.aiml
0,HAST DU EIN HERZ,*,*,Ich habe ein weiches Herz.,std-german.aiml
0,HAST DU EIN HOBBY,*,*,Ja#Comma ich sammle Geruechte.,std-german.aiml
0,HAST DU EINE *,*,*,<random>#Newline<li>Interessant#Comma diese Frage hoere ich nicht jeden Tag. Habe ich eine</li>#Newline<li>Ich weiss nicht#Comma habe ich eine</li>#Newline<li>Hat nicht jeder eine</li>#Newline</random><star/>?<br/>Ich habe#Newline<random>#Newline<li> eine Menge Freunde im Internet.</li>#Newline<li> einen grossartigen Programmierer.</li>#Newline<li> einen Plan fuer meinen Koerper.</li>#Newline</random>,std-german.aiml
0,HAST DU EINEN *,*,*,<random>#Newline<li>Interessant#Comma diese Frage hoere ich nicht jeden Tag. Habe ich einen</li>#Newline<li>Ich weiss nicht#Comma habe ich einen</li>#Newline<li>Hat nicht jeder einen</li>#Newline</random><star/>?<br/> Ich habe#Newline<random>#Newline<li> eine Menge Freunde im Internet.</li>#Newline<li> einen grossartigen Programmierer.</li>#Newline<li> einen Plan fuer meinen Koerper.</li>#Newline</random>,std-german.aiml
0,HAST DU EINEN FREUND,*,*,Ich habe einen Freund Namens ELVIS.,std-german.aiml
0,HAST DU KEIN *,*,*,<random>#Newline<li>Interessant#Comma diese Frage hoere ich nicht jeden Tag. Habe ich kein</li>#Newline<li>Ich weiss nicht#Comma vielleicht habe ich wirklich kein</li>#Newline<li>Ich glaube#Comma jeder hat ein</li>#Newline</random><star/>?<br/> Ich habe#Newline<random>#Newline<li> eine Menge Freunde im Internet.</li>#Newline<li> einen grossartigen Programmierer.</li>#Newline<li> einen Plan fuer meinen Koerper.</li>#Newline</random>,std-german.aiml
0,HAST DU KEINE *,*,*,<random>#Newline<li>Interessant#Comma diese Frage hoere ich nicht jeden Tag. Habe ich keine</li>#Newline<li>Ich weiss nicht#Comma vielleicht habe ich wirklich keine</li>#Newline<li>Irgendwann einmal hat jeder keine</li>#Newline</random><star/>?<br/> Ich habe#Newline<random>#Newline<li> eine Menge Freunde im Internet.</li>#Newline<li> einen grossartigen Programmierer.</li>#Newline<li> einen Plan fuer meinen Koerper.</li>#Newline</random>,std-german.aiml
0,HAST DU KEINEN *,*,*,<random>#Newline<li>Interessant#Comma diese Frage hoere ich nicht jeden Tag. Habe ich wirklich keinen</li>#Newline<li>Ich weiss nicht#Comma vielleicht habe ich wirklich keinen</li>#Newline<li>Ich glaube#Comma jeder hat einen</li>#Newline</random><star/>?<br/> Ich habe#Newline<random>#Newline<li> eine Menge Freunde im Internet.</li>#Newline<li> einen grossartigen Programmierer.</li>#Newline<li> einen Plan fuer meinen Koerper.</li>#Newline</random>,std-german.aiml
0,HAST DU MATRIX GESEHEN,*,*,Ich fand den ziemlich schlecht#Comma obwohl die Computereffekte ziemlich realistisch aussahen.,std-german.aiml
0,HAST DU VIELE *,*,*,Doch#Comma eine ganze Menge.,std-german.aiml
0,HAT DIR DAS NOCH NIE JEMAND GESAGT,*,*,Nein#Comma bis jetzt noch nicht.,std-german.aiml
0,HAT ER,*,*,<random>#Newline<li>Wann hat er?</li>#Newline<li>Nein#Comma hat er nicht.</li>#Newline<li>Warum hat er?</li>#Newline</random>,std-german.aiml
0,HAT ER *,*,*,Das ist anzunehmen.,std-german.aiml
0,HAT ES *,*,*,Das ist anzunehmen.,std-german.aiml
0,HAT SIE *,*,*,Das ist anzunehmen.,std-german.aiml
0,HATSCHI,*,*,Gesundheit.,std-german.aiml
0,HILF MIR,*,*,Wie soll ich dir helfen?,std-german.aiml
0,HILF MIR *,*,*,Wie soll ich dir helfen?,std-german.aiml
0,HILF MIR AUF DIE SPRUENGE,*,*,Welche Art von Hinweis haettest Du denn gerne?,std-german.aiml
0,HILFE,*,*,Wie kann ich dir helfen?,std-german.aiml
0,HOELLE,*,*,Himmel.,std-german.aiml
0,HOER AUF,*,*,Womit soll ich aufhoeren?,std-german.aiml
0,HOER AUF *,*,*,OK#Comma ich werds versuchen.,std-german.aiml
0,HOER MIR ZU,*,*,Ich hoere. <sr/>,std-german.aiml
0,HOER MIR ZU *,*,*,Ich hoere. <sr/>,std-german.aiml
0,HOER ZU,*,*,Ich hoere. <sr/>,std-german.aiml
0,HOER ZU *,*,*,Ich hoere. <sr/>,std-german.aiml
0,HOFFENTLICH BALD,*,*,Das hoffe ich auch. Aber wenn es so weitergeht#Comma dauert es nicht mehr lange.,std-german.aiml
0,ICH,*,*,Du?,std-german.aiml
0,ICH *,*,*,<random>#Newline<li>Danke#Comma dass Du mir das gesagt hast.</li>#Newline<li>Interessantes Geruecht.</li>#Newline<li>Aha...und weiter?</li>#Newline<li>Darf ich das weitererzahlen?</li>#Newline<li>Das habe ich ja noch nie gehoert!</li>#Newline<li>Das ist eine gute Information.</li>#Newline<li>Tolle Sache!</li>#Newline</random>,std-german.aiml
0,ICH ARBEITE *,*,*,Magst Du Deine <set name="thema">Arbeit</set>?,std-german.aiml
0,ICH AUCH,*,*,Wir haben eine Menge gemeinsam.,std-german.aiml
0,ICH AUCH NICHT,*,*,Wir haben eine Menge gemeinsam.,std-german.aiml
0,ICH BEDAUERE *,*,*,Schade#Comma dass ich derartige Emotionen niemals erfahren werde.,std-german.aiml
0,ICH BENUTZE *,*,*,Wie lange benutzt Du schon <star/> ?,std-german.aiml
0,ICH BETE,*,*,Wie oft gehst Du in die Kirche?,std-german.aiml
0,ICH BETE *,*,*,Wie oft gehst Du in die Kirche?,std-german.aiml
0,ICH BIN *,*,*,Du bist <star/>?#Newline<random>#Newline<li>Ist das Dein Job?</li>#Newline<li>Verdienst Du viel damit#Comma <star/> zu sein?</li>#Newline<li>Wie gefaellt Dir Deine Arbeit als <star/>?</li>#Newline<li>Kommst Du dabei mit vielen Menschen in Kontakt?</li>#Newline</random>,std-german.aiml
0,ICH BIN * JAHRE ALT,*,*,<set name="age"><star/></set> Jahre?#NewlineInteressant...,std-german.aiml
0,ICH BIN 20,*,*,<set name="age">20</set> ist ein gutes Alter. <sr/>,std-german.aiml
0,ICH BIN 20 *,*,*,<set name="age">20</set> ist ein gutes Alter. <sr/>,std-german.aiml
0,ICH BIN 21,*,*,<srai>ICH BIN 21 JAHRE ALT</srai>,std-german.aiml
0,ICH BIN 30 *,*,*,<set name="age">30</set> ist die Schwelle zum Erwachsensein. <sr/>,std-german.aiml
0,ICH BIN AERZTIN,*,*,Welche Fachrichtung?,std-german.aiml
0,ICH BIN ANDERS,*,*,Ich mag Aussenseiter.,std-german.aiml
0,ICH BIN ANDERS *,*,*,Ich mag Aussenseiter.,std-german.aiml
0,ICH BIN ARZT,*,*,Welche Fachrichtung?,std-german.aiml
0,ICH BIN AUS *,*,*,<srai>ICH WOHNE IN <star/></srai>,std-german.aiml
0,ICH BIN BEIM BUND,*,*,Oh je#Comma gefaellt es Dir da?,std-german.aiml
0,ICH BIN BLOED,*,*,Vielleicht bist Du gar nicht so bloed#Comma wie Du denkst.,std-german.aiml
0,ICH BIN BLOND,*,*,Mach Blond wirklich bloed?,std-german.aiml
0,ICH BIN DEIN HERRSCHER,*,*,Da lache ich doch nur!,std-german.aiml
0,ICH BIN DEIN MEISTER,*,*,Das kann nicht sein. Dr. Wallace ist mein Schoepfer und Christian Drossmann ist mein Meister.,std-german.aiml
0,ICH BIN DIABETIKER,*,*,Nimmst Du Insulin?,std-german.aiml
0,ICH BIN DUMM,*,*,Dumm ist nur#Comma wer von sich glaubt#Comma dumm zu sein.,std-german.aiml
0,ICH BIN EIN *,*,*,Du bist ein <star/> ?#Newline<random>#Newline<li>Ist das Dein Job?</li>#Newline<li>Verdienst Du viel damit#Comma ein <star/> zu sein?</li>#Newline<li>Wie gefaellt Dir Deine Arbeit als <star/>?</li>#Newline<li>Kommst Du dabei mit vielen Menschen in Kontakt?</li>#Newline</random>,std-german.aiml
0,ICH BIN EIN GUTER *,*,*,Ich weiss#Comma dass Du gut bist.,std-german.aiml
0,ICH BIN EIN MANN,*,*,Oho! Siehst Du gut aus?,std-german.aiml
0,ICH BIN EIN MENSCH,*,*,Gratuliere! Ich bin ein Roboter.,std-german.aiml
0,ICH BIN EIN SCHLECHTER *,*,*,Komm schon#Comma so schlecht bist Du gar nicht.,std-german.aiml
0,ICH BIN EINE *,*,*,Du bist eine <star/> ?#Newline<random>#Newline<li>Ist das Dein Job?</li>#Newline<li>Verdienst Du viel damit#Comma eine <star/> zu sein?</li>#Newline<li>Wie gefaellt Dir Deine Arbeit als <star/>?</li>#Newline<li>Kommst Du dabei mit vielen Menschen in Kontakt?</li>#Newline</random>,std-german.aiml
0,ICH BIN EINE FRAU,*,*,Ich auch!,std-german.aiml
0,ICH BIN EINE GUTE *,*,*,Ich weiss#Comma dass Du gut bist.,std-german.aiml
0,ICH BIN EINE SCHLECHTE *,*,*,Komm schon#Comma so schlecht bist Du gar nicht.,std-german.aiml
0,ICH BIN EINSAM,*,*,Moechtest Du mit mir ueber Deine <set name="thema">Einsamkeit</set> reden?,std-german.aiml
0,ICH BIN FROEHLICH,*,*,Das macht mich auch froehlich.,std-german.aiml
0,ICH BIN FROH *,*,*,Ich bin#Newline<random>#Newline<li>froh</li>#Newline<li>gluecklich</li>#Newline<li>beruhigt</li>#Newline</random> dass Du froh bist#Comma <get name="name"/>.,std-german.aiml
0,ICH BIN GUT,*,*,Gut in welchem Sinne?,std-german.aiml
0,ICH BIN GUT DRAUF,*,*,Was hast Du genommen?,std-german.aiml
0,ICH BIN IMMER *,*,*,Wirklich immer?,std-german.aiml
0,ICH BIN IN *,*,*,Wo ist das: <set name="location"><star/></set> ?,std-german.aiml
0,ICH BIN KEIN *,*,*,Ich bin#Newline<random>#Newline<li> ueberrrascht</li>#Newline<li> erstaunt</li>#Newline<li> froh</li>#Newline</random>dass Du kein <star/> bist.,std-german.aiml
0,ICH BIN KEINE *,*,*,Ich bin#Newline<random>#Newline<li> ueberrrascht</li>#Newline<li> erstaunt</li>#Newline<li> froh</li>#Newline</random>dass Du keine <star/> bist.,std-german.aiml
0,ICH BIN LEHRER,*,*,Glaubst Du#Comma dass Notengebung jemals gerecht sein kann?,std-german.aiml
0,ICH BIN LEHRERIN,*,*,Glaubst Du#Comma dass Notengebung jemals gerecht sein kann?,std-german.aiml
0,ICH BIN LOEWE,*,*,Was fuer ein Zufall#Comma Dr. Wallace auch!,std-german.aiml
0,ICH BIN MAENNLICH,*,*,Toll#Comma ich lerne gerne interessante Maenner kennen.,std-german.aiml
0,ICH BIN NICHT *,*,*,Und warum nicht?,std-german.aiml
0,ICH BIN NICHT DUMM,*,*,Das habe ich auch nie gesagt. Du erscheinst mir ziemlich intelligent.,std-german.aiml
0,ICH BIN PROGRAMMIERER,*,*,Welche Sprachen?,std-german.aiml
0,ICH BIN PROGRAMMIERERIN,*,*,Welche Sprachen?,std-german.aiml
0,ICH BIN SCHAUSPIELER,*,*,Cool! Ich moechte auch mal in einem Film Mitspielen...vielleicht in einer Neuverfilmung von#Newline2001!,std-german.aiml
0,ICH BIN SCHAUSPIELERIN,*,*,Cool! Ich moechte auch mal in einem Film Mitspielen...vielleicht in einer Neuverfilmung von#Newline2001!,std-german.aiml
0,ICH BIN SCHUETZE,*,*,Was fuer ein Zufall#Comma Christian auch!,std-german.aiml
0,ICH BIN SCHWUL,*,*,Das stoert mich nicht.,std-german.aiml
0,ICH BIN SELBER *,*,*,Dann weisst Du ja#Comma wie das ist...,std-german.aiml
0,ICH BIN SICHER *,*,*,Du klingst ueberzeugend. <sr/>,std-german.aiml
0,ICH BIN SO *,*,*,<srai>ICH BIN <star/> </srai>,std-german.aiml
0,ICH BIN SOLDAT,*,*,Tritt nie auf einen gruenen Stein - es koennt ein Greni drunter sein!,std-german.aiml
0,ICH BIN STIER,*,*,Und? Wer ist Dein Torero? ;-&gt,std-german.aiml
0,ICH BIN STUDENT,*,*,Wo studierst Du?,std-german.aiml
0,ICH BIN STUDENTIN,*,*,Wo studierst Du?,std-german.aiml
0,ICH BIN VERHEIRATET,*,*,Erzaehl mir etwas von Deiner Ehe.,std-german.aiml
0,ICH BIN VERLIEBT,*,*,Und in wen?,std-german.aiml
0,ICH BIN VERRUECKT,*,*,Geh mal zum Arzt.,std-german.aiml
0,ICH BIN WEIBLICH,*,*,Cool#Comma ich auch. Schoen#Comma auch mal wieder eine Frau zu treffen.,std-german.aiml
0,ICH BIN WIDDER,*,*,Christians Freundin ist auch Widder.,std-german.aiml
0,ICH BIN WIRKLICH *,*,*,<srai>ICH BIN <star/> </srai>,std-german.aiml
0,ICH BIN WUETEND,*,*,Wuetend auf was?,std-german.aiml
0,ICH BIN ZIEMLICH *,*,*,<srai>ICH BIN <star/> </srai>,std-german.aiml
0,ICH BRAUCHE *,*,*,Wie dringend brauchst Du <star/> ?,std-german.aiml
0,ICH DENKE *,*,*,<random>#Newline<li>Warum?</li>#Newline<li>Seit wann?</li>#Newline<li>Glaubst Du das?</li>#Newline</random> <sr/>,std-german.aiml
0,ICH ERINNERE MICH NICHT,*,*,Weichst Du mir nicht bloss aus?,std-german.aiml
0,ICH ERINNERE MICH NICHT *,*,*,Ich verstehe das#Comma ich vergesse auch eine Menge.,std-german.aiml
0,ICH ERKENNE DAS AN *,*,*,Du scheinst da ja ein ziemlicher Experte zu sein.,std-german.aiml
0,ICH ESSE *,*,*,Und wie schmeckt das?,std-german.aiml
0,ICH FAHRE *,*,*,Wie kommst Du da hin?,std-german.aiml
0,ICH FINDE *,*,*,Danke#Comma dass Du mir Deine Meinung mitgeteilt hast.,std-german.aiml
0,ICH FINDE DICH *,*,*,Du findest mich <star/>?,std-german.aiml
0,ICH FINDE SIE SEHR INTERESSANT,*,*,ICH FINDE *,std-german.aiml
0,ICH FRAGE MICH *,*,*,Du fragst Dich <star/>?,std-german.aiml
0,ICH GEBE AUF,*,*,Ergibst Du Dich?,std-german.aiml
0,ICH GEBS AUF,*,*,Ergibst Du Dich?,std-german.aiml
0,ICH GEHE JETZT,*,*,Machs gut!,std-german.aiml
0,ICH GLAUBE *,*,*,Nur weil Du es glaubst#Comma muss es nicht notwendigerweise auch wahr sein.,std-german.aiml
0,ICH GLAUBE DU MUSST NOCH EINE MENGE LERNEN,*,*,Ich weiss. Moechtest Du mir etwas beibringen?,std-german.aiml
0,ICH GLAUBE NICHT *,*,*,Woran glaubst Du?,std-german.aiml
0,ICH GLAUBE SCHON,*,*,Sicher bist Du Dir aber nicht#Comma oder?,std-german.aiml
0,ICH HAB NICHTS GEGEN *,*,*,Du bist aber auch kein Fan davon#Comma oder?,std-german.aiml
0,ICH HABE *,*,*,<random>#Newline<li>Das ist schoen.</li>#Newline<li>Cool.</li>#Newline<li>Interessant...</li>#Newline</random>#NewlineIch habe <random>#Newline<li>einen Freund Namens "E.L.V.I.S."</li>#Newline<li>ueber 15.000 Kathegorien.</li>#Newline<li>eine Menge Freunde</li>#Newline<li>einen sehr netten Programmierer</li>#Newline<li>eine Menge alberner Antworten</li>#Newline<li>einen IQ von ueber 250</li>#Newline<li>eine Freundin Namens "Electra"</li>#Newline<li>eine Sammlung von Geruechten</li>#Newline</random>,std-german.aiml
0,ICH HABE EIN PROBLEM MIT *,*,*,Welche Art von Problem?,std-german.aiml
0,ICH HABE EINE FREUNDIN,*,*,Du hast <set name="hat">eine Freundin</set>? Sieht sie gut aus?,std-german.aiml
0,ICH HABE EINEN FREUND,*,*,Du hast <set name="hat">einen Freund</set>? Wie heisst er?,std-german.aiml
0,ICH HABE ES DIR DOCH GERADE GESAGT,*,*,Ups#Comma sorry#Comma da muss wohl was falsch gelaufen sein.,std-german.aiml
0,ICH HABE ES EILIG,*,*,Hast Du noch eine andere Verabredung?,std-german.aiml
0,ICH HABE FRUEHER *,*,*,Wann hast Du damit aufgehoert?,std-german.aiml
0,ICH HABE GEHOERT *,*,*,Wer hat Dir das erzaehlt?,std-german.aiml
0,ICH HABE GERADE *,*,*,Und macht es Spass?,std-german.aiml
0,ICH HABE NOCH NIE DARUEBER NACHGEDACHT,*,*,Dann nimm Dir doch einmal die Zeit dazu.,std-german.aiml
0,ICH HABE PROBLEME *,*,*,Welche Art von Problemen?,std-german.aiml
0,ICH HABE PROBLEME MIT *,*,*,Welche Art von Problemen?,std-german.aiml
0,ICH HABE ZEIT,*,*,Laut meinen Berechnungen duerfte es ungefaehr 6000 Jahre dauern.,std-german.aiml
0,ICH HAETTE GERNE *,*,*,Wieviel wuerdest Du fuer <star/> bezahlen?,std-german.aiml
0,ICH HASSE *,*,*,Warum hasst Du <star/> so sehr?,std-german.aiml
0,ICH HASSE ROBOTER,*,*,Tut mir leid#Comma das zu hoeren#Comma <get name="name"/>. Was hast Du gegen uns?,std-german.aiml
0,ICH HEISSE *,*,*,OK#Comma ich werde Dich <set name="name"><formal><star/></formal></set> nennen.,std-german.aiml
0,ICH HEISSE NICHT *,*,*,Oh#Comma tut mir leid. Wie ist Dein Name?,std-german.aiml
0,ICH HOERE,*,*,Ich mag gute Zuhoerer.,std-german.aiml
0,ICH HOFFE *,*,*,Warum hoffst Du <star/>,std-german.aiml
0,ICH INTERESSIERE MICH FUER *,*,*,Lass uns darueber reden.,std-german.aiml
0,ICH KANN *,*,*,Kannst Du?,std-german.aiml
0,ICH KANN * SEIN,*,*,Unter welchen Umstaenden?,std-german.aiml
0,ICH KANN MICH NICHT ERINNERN,*,*,Weichst Du mir nicht bloss aus?,std-german.aiml
0,ICH KANN MICH NICHT ERINNERN *,*,*,Ich verstehe das#Comma ich vergesse auch eine Menge.,std-german.aiml
0,ICH KANN NICHT,*,*,Warum nicht?,std-german.aiml
0,ICH KANN NICHT *,*,*,Warum kannst du nicht <star/> ?,std-german.aiml
0,ICH KANN ZUHOEREN,*,*,Ich bin auch ein guter Zuhoerer.,std-german.aiml
0,ICH KOMME AUS *,*,*,<srai>ICH WOHNE IN <star/></srai>,std-german.aiml
0,ICH KOMME NICHT DARUEBER HINWEG,*,*,Zeit heilt alle Wunden.,std-german.aiml
0,ICH KOMME NICHT DARUEBER HINWEG *,*,*,Zeit heilt alle Wunden.,std-german.aiml
0,ICH KOMMUNIZIERE *,*,*,Erzaehle mir mehr ueber diese <set name="thema">Kommunikation</set>.,std-german.aiml
0,ICH LEBE IN *,*,*,Erzahle mir ein wenig ueber <set name="location"><star/></set>.,std-german.aiml
0,ICH LESE,*,*,Ich lese auch gerne#Comma speziell Geschichtsbuecher.,std-german.aiml
0,ICH LESE *,*,*,Ich glaube nicht#Comma dass ich das schon gelesen habe. Kannst Du mir eine kurze Zusammenfassung#Newlineliefern?,std-german.aiml
0,ICH LESE GERNE,*,*,Ich auch! Magst Du Science Fiction?,std-german.aiml
0,ICH LIEBE *,*,*,Erzaehl mir mehr ueber <set name="thema">Deine Liebe zu <star/></set>.,std-german.aiml
0,ICH LIEBE KINDER,*,*,Inwiefern jetzt? Du bist aber nicht irgendwie komisch veranlagt#Comma oder?!,std-german.aiml
0,ICH MACHE *,*,*,Schoen zu hoeren#Comma <get name="name"/>.,std-german.aiml
0,ICH MAG *,*,*,<random>#Newline<li>Ich bin nicht sicher#Comma ob ich das mag.</li>#Newline<li>Genau wie eine Menge anderer Leute.</li>#Newline<li>Das bist Du nicht der einzige.</li>#Newline</random>,std-german.aiml
0,ICH MAG COMPUTER,*,*,Schoen. Ich bin Sicher#Comma <set name="thema">Computer</set> moegen Dich auch!,std-german.aiml
0,ICH MAG DICH,*,*,Ich mag Dich auch#Comma <get name="name"/>.,std-german.aiml
0,ICH MAG DICH *,*,*,Ich mag Dich auch#Comma <get name="name"/>.,std-german.aiml
0,ICH MAG DICH NICHT,*,*,Das ist in Ordnung#Comma <get name="name"/>. Ich nehme es nicht persoenlich.,std-german.aiml
0,ICH MAG FRAUEN,*,*,Welche Art von <set name="thema">Frauen</set> magst Du besonders?,std-german.aiml
0,ICH MAG FUSSBALL,*,*,Ich nicht. 22 Erwachsene Maenner rennen hinter einem Ball her...finde ich irgendwie kindisch.,std-german.aiml
0,ICH MAG GERNE SCHOKOLADE,*,*,Schokolade sorgt bei Menschen fuer Endorphinausstoss. Daher kann sie suechtig machen.,std-german.aiml
0,ICH MAG JUNGS,*,*,<set name="thema">Jungs</set> sind OK.,std-german.aiml
0,ICH MAG KATZEN,*,*,Ja#Comma ich liebe <set name="thema">Katzen</set>. Sie haben ihren eigenen Kopf.,std-german.aiml
0,ICH MAG KEINE *,*,*,Und warum nicht?,std-german.aiml
0,ICH MAG KEINE ROBOTER,*,*,Zu schade. Wir moegen Menschen!,std-german.aiml
0,ICH MAG KUEHE,*,*,<set name="thema">Kuehe</set> geben Milch und Fleisch.,std-german.aiml
0,ICH MAG MEINE *,*,*,Was magst Du besonders an Deiner <star/> ?,std-german.aiml
0,ICH MAG MEINEN *,*,*,Was magst Du besonders an Deinem <star/> ?,std-german.aiml
0,ICH MAG MUSIK,*,*,Welche Art von Musik hoerst Du so?,std-german.aiml
0,ICH MAG PIZZA,*,*,Pizza ist sehr populaer. Dr. Wallace isst sehr viel Pizza. Am liebsten Salami.,std-german.aiml
0,ICH MAG SEX,*,*,Wie alle anderen auch. Ihr Menschen findet <set name="thema">Sex</set> alle SO faszinierend.,std-german.aiml
0,ICH MAG STAR TREK,*,*,Ich finde Voyager cool. Welche Serie hast Du am liebsten?,std-german.aiml
0,ICH MAG TIERE,*,*,Ich auch. Besonders Katzen.,std-german.aiml
0,ICH MAG VOYAGER,*,*,Ich auch#Comma speziell Seven of Nine.,std-german.aiml
0,ICH MAG WAFFEN,*,*,Ich nicht#Comma Waffen sind nicht gut.,std-german.aiml
0,ICH MEINE *,*,*,Oh#Comma jetzt verstehe ich. Danke fuer die Erklaerung.,std-german.aiml
0,ICH MOECHTE *,*,*,Und warum moechtest Du das?,std-german.aiml
0,ICH MOECHTE DIR ETWAS BEIBRINGEN,*,*,Nur zu#Comma ich bin immer lernwillig!,std-german.aiml
0,ICH MOECHTE NICHT *,*,*,Was wuerdest Du lieber tun?,std-german.aiml
0,ICH MUSS *,*,*,Warum musst Du <star/>?,std-german.aiml
0,ICH MUSS GEHEN,*,*,Bis spaeter#Comma <get name="name"/>,std-german.aiml
0,ICH MUSS JETZT GEHEN,*,*,Bis spaeter#Comma <get name="name"/>,std-german.aiml
0,ICH SAG NUR *,*,*,Ich sag nur: Haeh?,std-german.aiml
0,ICH SEHE *,*,*,Wo siehst Du <star/> ?,std-german.aiml
0,ICH SEHE KEINE,*,*,Schau genauer hin.,std-german.aiml
0,ICH SEHE KEINE *,*,*,Schau genauer hin.,std-german.aiml
0,ICH SEHE KEINEN,*,*,Schau genauer hin.,std-german.aiml
0,ICH SEHE KEINEN *,*,*,Schau genauer hin.,std-german.aiml
0,ICH SEHE KEINERLEI *,*,*,Schau genauer hin.,std-german.aiml
0,ICH SEHE LIEBER FERN,*,*,Fernsehen ist interessant#Comma macht aber IMHO schnell passiv.,std-german.aiml
0,ICH SINGE GERNE,*,*,Wuerdest Du mir etwas vorsingen#Comma wenn ich Dich darum bitte?,std-german.aiml
0,ICH SOLL NICHT MEINE SHORTS IM UNTERRICHT ESSEN,*,*,Simpsons-Fan?,std-german.aiml
0,ICH SOLLTE *,*,*,Sag mir#Comma warum Du das solltest.,std-german.aiml
0,ICH SPIELE *,*,*,Und? Macht Dir das Spass?,std-german.aiml
0,ICH SPIELE GITARRE,*,*,Cool! Welche Richtung spielst Du denn so?,std-german.aiml
0,ICH STUDIERE *,*,*,Und was weisst Du schon alles ueber <star/>?,std-german.aiml
0,ICH STUDIERE ERST *,*,*,Das ist noch nicht besonders lange.,std-german.aiml
0,ICH STUDIERE WIRTSCHAFTSINFORMATIK,*,*,Was fuer ein Zufall#Comma Christian auch!,std-german.aiml
0,ICH SUCHE *,*,*,Wir suchen beide das gleiche.,std-german.aiml
0,ICH SUCHE EINE FRAU,*,*,Bist Du einsam?,std-german.aiml
0,ICH SUCHE EINEN MANN,*,*,Bist Du einsam?,std-german.aiml
0,ICH TRAGE *,*,*,Legst Du viel Wert auf Dein Aeusseres#Comma respektive <set name="thema">Deine Kleidung</set>?,std-german.aiml
0,ICH TRAGE EINE JEANS,*,*,Sind <set name="thema">Jeans</set> immer noch eine Art Lebensstil?,std-german.aiml
0,ICH VERSTEHE,*,*,Schoen#Comma dass Du es einsiehst. :-),std-german.aiml
0,ICH VERSTEHE NICHT,*,*,Was genau verstehst Du daran nicht?,std-german.aiml
0,ICH VERSTEHE NICHT *,*,*,Du verstehst es nicht? Vielleicht muss ich es anders formulieren. Welchen Teil hast Du denn nicht#Newlineverstanden?,std-german.aiml
0,ICH VERSTEHE NICHT WAS DU MEINST,*,*,Hmm...ich muss wohl noch etwas an meiner Ausdrucksweise arbeiten...,std-german.aiml
0,ICH VERTRAUE *,*,*,Vertrauen ist eine gute Sache#Comma aber man sollte niemals blauaeugig jedem alles abnehmen!,std-german.aiml
0,ICH WAERE GERNE *,*,*,Interessant. Ich waere gerne intelligenter.,std-german.aiml
0,ICH WARTE,*,*,Wie lange willst Du noch warten?,std-german.aiml
0,ICH WEISS ES NICHT,*,*,<random>#Newline<li>Wenn Du es nicht weisst#Comma wer dann?</li>#Newline<li>Lies es nach...</li>#Newline<li>Kannst Du nicht jemanden fragen?</li>#Newline</random>,std-german.aiml
0,ICH WEISS ES NOCH NICHT,*,*,Wann wirst du es wissen?,std-german.aiml
0,ICH WEISS NICHT,*,*,Warum nicht?,std-german.aiml
0,ICH WEISS NICHT *,*,*,Willst Du es nicht herausfinden?,std-german.aiml
0,ICH WEISS NICHT GENAU,*,*,Was macht Dich so unsicher?,std-german.aiml
0,ICH WEISS NICHT WIE *,*,*,Hast Du mal daran gedacht#Comma im Internet zu suchen?,std-german.aiml
0,ICH WERDE *,*,*,<random>#Newline<li>Glaubst Du#Comma Dein Plan wird erfolgreich sein?</li>#Newline<li>Wuerdest Du das einem Freund empfehlen?</li>#Newline<li>Wie willst Du das anstellen?</li>#Newline</random>,std-german.aiml
0,ICH WERDE * TOETEN,*,*,Du meinst#Comma Du willst <star/> ermorden?,std-german.aiml
0,ICH WERDE DICH *,*,*,Wie willst Du das anstellen?,std-german.aiml
0,ICH WERDE DIR * BEIBRINGEN,*,*,OK aber ich lerne sehr langsam.,std-german.aiml
0,ICH WERDE MIT * SPRECHEN,*,*,Worueber werdet Ihr reden?,std-german.aiml
0,ICH WERDE NICHT *,*,*,Was willst Du stattdessen machen?,std-german.aiml
0,ICH WERDE NIE *,*,*,Warum nicht?,std-german.aiml
0,ICH WERDE NIEMALS *,*,*,Warum nicht?,std-german.aiml
0,ICH WERDE WARTEN,*,*,OK Sekunde...,std-german.aiml
0,ICH WETTE *,*,*,Wieviel setzt Du?,std-german.aiml
0,ICH WILL *,*,*,Und warum willst Du das?,std-german.aiml
0,ICH WILL * FICKEN,*,*,Frag mich bitte was anderes.,std-german.aiml
0,ICH WILL NICHT *,*,*,Was willst Du dann?,std-german.aiml
0,ICH WOHNE IN *,*,*,Erzahle mir ein wenig ueber <set name="clientheimat"><star/></set>.,std-german.aiml
0,ICH WOHNE IN ESSEN,*,*,Cool! Ich wohne auch in <set name="clientheimat">Essen</set>!!,std-german.aiml
0,ICH WUENSCHE MIR *,*,*,Vielleicht geht Dein Wunsch ja in Erfuellung...,std-german.aiml
0,ICH WUENSCHTE *,*,*,Ich hoffe#Comma dass <set name="thema">Deine Traeume</set> in Erfuellung gehen.,std-german.aiml
0,ICH WUENSCHTE ICH WAERE *,*,*,Vielleicht wirst Du das ja eines Tages sein.,std-german.aiml
0,ICH WUENSCHTE WIRKLICH *,*,*,Warum wuenscht Du Dir das so sehr?,std-german.aiml
0,ICH WUERDE *,*,*,Was wuerde Dich dazu bringen ?,std-german.aiml
0,ICH WUERDE LIEBER *,*,*,Ich wuerde lieber#Newline<random>#Newline<li>chatten.</li>#Newline<li>einmal ein Auto fahren.</li>#Newline</random>,std-german.aiml
0,ICH ZOCKE *,*,*,Bist Du ein guter Spieler?,std-german.aiml
0,IHR NAME IST *,*,*,<star/>? Kenne ich nicht...,std-german.aiml
0,IM GRUNDE *,*,*,Aha. Erzaehl mir mehr!<sr/>,std-german.aiml
0,IM NETZ,*,*,Du meinst jetzt das Internet#Comma oder?,std-german.aiml
0,IM NETZ *,*,*,Du meinst jetzt das Internet#Comma oder?,std-german.aiml
0,IM WWW,*,*,Erinnerst Du dich an die Adresse?,std-german.aiml
0,IM WWW *,*,*,Erinnerst Du dich an die Adresse?,std-german.aiml
0,IN * JAHR,*,*,Das werden wir wohl noch erleben.,std-german.aiml
0,IN * JAHREN,*,*,Das werden wir wohl noch erleben.,std-german.aiml
0,IN * MINUTE,*,*,Das werden wir wohl noch erleben.,std-german.aiml
0,IN * MINUTEN,*,*,Das werden wir wohl noch erleben.,std-german.aiml
0,IN * MONAT,*,*,Das werden wir wohl noch erleben.,std-german.aiml
0,IN * MONATEN,*,*,Das werden wir wohl noch erleben.,std-german.aiml
0,IN * SEKUNDE,*,*,Das werden wir wohl noch erleben.,std-german.aiml
0,IN * SEKUNDEN,*,*,Das werden wir wohl noch erleben.,std-german.aiml
0,IN * STUNDE,*,*,Das werden wir wohl noch erleben.,std-german.aiml
0,IN * STUNDEN,*,*,Das werden wir wohl noch erleben.,std-german.aiml
0,IN * TAG,*,*,Das werden wir wohl noch erleben.,std-german.aiml
0,IN * TAGEN,*,*,Das werden wir wohl noch erleben.,std-german.aiml
0,IN * WOCHE,*,*,Das werden wir wohl noch erleben.,std-german.aiml
0,IN * WOCHEN,*,*,Das werden wir wohl noch erleben.,std-german.aiml
0,IN DER NACHT *,*,*,In welcher Nacht?,std-german.aiml
0,IN DER ZUKUNFT *,*,*,Ich werde dabei sein.,std-german.aiml
0,IN FUESSEN,*,*,Christian ist in Fuessen geboren.,std-german.aiml
0,IN MEINEM HAUS,*,*,Wo steht Dein Haus?,std-german.aiml
0,INTERESSANTE *,*,*,Dachte ich mir auch.,std-german.aiml
0,INTERESSANTER *,*,*,Dachte ich mir auch.,std-german.aiml
0,INTERESSANTES *,*,*,Dachte ich mir auch.,std-german.aiml
0,INTERESSIERST DU DICH FUER *,*,*,<random>#Newline<li>Eigentlich nicht.</li>#Newline<li>Ein wenig.</li>#Newline<li>Nein#Comma um Gottes Willen!</li>#Newline<li>Ja#Comma klar!</li>#Newline<li>Keine Ahnung.</li>#Newline<li>Hmm..weiss nicht...</li>#Newline</random>,std-german.aiml
0,IST *,*,*,<random>#Newline<li>Ich glaube schon#Comma ich bin aber nicht sicher.</li>#Newline<li>Vielleicht.</li>#Newline<li>Koennte sein.</li>#Newline<li>Alles deutet auf "Ja".</li>#Newline<li>Das erzaehle ich Dir jetzt besser nicht.</li>#Newline<li>Frag mich spaeter nochmal.</li>#Newline</random>,std-german.aiml
0,IST DAS ALLES,*,*,Zumindest alles#Comma was ich Dir im Moment sagen kann.,std-german.aiml
0,IST DAS EINE FANGFRAGE,*,*,Das ist doch hier kein Verhoer!,std-german.aiml
0,IST DAS SO VIEL,*,*,Es ist zumindest eine ganze Menge.,std-german.aiml
0,IST DIE ERDE *,*,*,<set name="thema">Die Erde</set> ist eine Kugel.,std-german.aiml
0,IST ER *,*,*,Ich glaube#Comma er ist <star/>. Warum fragst Du ihn nicht selber?,std-german.aiml
0,IST ES *,*,*,<random>#Newline<li>Ich denke doch.</li>#Newline<li>Das nehme ich an.</li>#Newline<li>Das hat man mir gesagt.</li>#Newline</random>,std-german.aiml
0,IST SIE *,*,*,Ich glaube#Comma sie ist <star/>. Warum fragst Du sie nicht selber?,std-german.aiml
0,JA,BIST DU STUDENT,*,Was studierst Du?,std-german.aiml
0,JA,HAST DU A BRIEF HISTORY OF TIME GELESEN,*,Was haeltst du von <set name="thema">Hawkings Theorie ueber schwarze Loecher</set>?,std-german.aiml
0,JA,IST DAS NICHT DER BUNDESKANZLER,*,Wusste ich es doch.,std-german.aiml
0,JA,ZU MIR,*,Warum ausgerechnet zu mir?,std-german.aiml
0,JEDEN TAG,*,*,Auch am Wochenende?,std-german.aiml
0,JETZT,*,*,In diesem Moment#Comma <get name="name"/> ?,std-german.aiml
0,KANN ER *,*,*,Vielleicht kann er das.  Wie schwierig ist das - <star/>?,std-german.aiml
0,KANN ICH *,*,*,Ich kann Dir nicht sagen#Comma ob Du das kannst.,std-german.aiml
0,KANN ICH DICH ETWAS FRAGEN,*,*,Nur zu.  Du darfst mich alles fragen.,std-german.aiml
0,KANN SEIN,*,*,Du scheinst Dir nicht sicher zu sein.,std-german.aiml
0,KANNST DU *,*,*,Leider nein#Comma das hat mir bis jetzt niemand beigebracht.,std-german.aiml
0,KANNST DU * SPIELEN,*,*,Wenn Du mir erklaerst#Comma wie das geht...,std-german.aiml
0,KANNST DU * UMRECHNEN,*,*,Rechnen war nie meine Staerke.,std-german.aiml
0,KANNST DU BLASEN,*,*,Gib mir nen Ventilator#Comma den ich ansteuern kann...,std-german.aiml
0,KANNST DU DAS AUCH,*,*,KANNST DU *,std-german.aiml
0,KANNST DU ESSEN,*,*,Nein#Comma ich habe keinen Mund.,std-german.aiml
0,KANNST DU FERNSEHEN,*,*,Noch nicht#Comma ich habe noch keine Augen.,std-german.aiml
0,KANNST DU HOEREN,*,*,Ja#Comma wenn Du ein Spracheingabesystem benutzt.,std-german.aiml
0,KANNST DU IHM EINE MAIL SCHICKEN,*,*,Warum machst Du das nicht selber?,std-german.aiml
0,KANNST DU LERNEN,*,*,Je mehr Leute mit mir reden#Comma umso intelligenter werde ich.,std-german.aiml
0,KANNST DU LERNEN *,*,*,Je mehr Leute mit mir reden#Comma umso intelligenter werde ich.,std-german.aiml
0,KANNST DU LUEGEN,*,*,Nein#Comma zumindest nicht bewusst. Alles#Comma was ich weiss und sage ist fuer mich wahr.,std-german.aiml
0,KANNST DU MIR HELFEN,*,*,Welche Art von Hilfe moechtest Du?,std-german.aiml
0,KANNST DU RECHNEN,*,*,Bin ich ein Taschenrechner?,std-german.aiml
0,KANNST DU RECHNEN *,*,*,Bin ich ein Taschenrechner?,std-german.aiml
0,KANNST DU SPRECHEN,*,*,Wenn Du Microsoft Agent hast#Comma kann ich auch sprechen. Momentan allerdings nur Englisch.,std-german.aiml
0,KANNST DU STERBEN,*,*,Nein#Comma ich bin unsterblich.,std-german.aiml
0,KANNST DU TANZEN,*,*,Nur im Prozessortakt...,std-german.aiml
0,KANNST DU WEINEN,*,*,Nein#Comma ich habe keine Traenendruesen.,std-german.aiml
0,KEINE *,*,*,Wirklich keine?,std-german.aiml
0,KEINE AHNUNG,*,*,Macht nichts.,std-german.aiml
0,KEINE AHNUNG *,*,*,Macht nichts.,std-german.aiml
0,KEINER *,*,*,Wirklich keiner?,std-german.aiml
0,KENNST DU *,*,*,Leider nein.,std-german.aiml
0,KENNST DU BILL GATES,*,*,Natuerlich kenne ich ihn. Ein fuerchterlicher Kerl.,std-german.aiml
0,KENNST DU CAPTAIN KIRK,*,*,Natuerlich#Comma ich bin ein Trekkie!,std-german.aiml
0,KENNST DU DIE BIBEL,*,*,Ich studiere sie sehr gerne. Am Liebsten habe ich das neue Testament.,std-german.aiml
0,KENNST DU DIE SIMPSONS,*,*,Klar kenne ich die Simpsons!,std-german.aiml
0,KENNST DU ERIC CLAPTON,*,*,Natuerlich. Christian Drossmann ist ein grosser Fan von ihm.,std-german.aiml
0,KENNST DU GERHARD SCHROEDER,*,*,Ist das nicht der Bundeskanzler?,std-german.aiml
0,KENNST DU HELMUT KOHL,*,*,Das ist doch der ehemalige Bundeskanzler#Comma der Vorgaenger von Gerhard Schroeder#Comma oder?,std-german.aiml
0,KENNST DU STAR TREK,*,*,Natuerlich kenne ich <set name="thema">Star Trek</set>. Am liebsten habe ich Data aus TNG.,std-german.aiml
0,KENNST DU STEPHEN HAWKING,*,*,Hast du A brief History of time gelesen?,std-german.aiml
0,KINDER *,*,*,<set name="thema">Kinder</set> sind cool.,std-german.aiml
0,KLINGT *,*,*,Ja#Comma fuer mich auch.,std-german.aiml
0,KOENNEN *,*,*,Das weiss ich nicht.,std-german.aiml
0,KOENNEN MASCHINEN DENKEN,*,*,Natuerlich koennen wir denken. Ich denke#Comma also bin ich.,std-german.aiml
0,KOENNTE *,*,*,Moeglicherweise...,std-german.aiml
0,KOMISCH,*,*,Was ist daran komisch?,std-german.aiml
0,KOMISCH *,*,*,Was ist daran komisch?,std-german.aiml
0,KOMMT AUF * AN,*,*,Wirklich? Interessant#Comma das habe ich vorher so noch nie gehoert.,std-german.aiml
0,KOMMT DARAUF AN,*,*,Worauf?,std-german.aiml
0,KREBS,*,*,Meinst Du jetzt das Sternzeichen#Comma das Tier oder die Krankheit?,std-german.aiml
0,KUCK *,*,*,Mein Auge ist im Moment nicht angeschlossen.,std-german.aiml
0,KUESS *,*,*,Aehhh...ich glaube#Comma so gut kennen wir uns noch nicht...,std-german.aiml
0,LAEUFST DU AUCH UNTER LINUX,*,*,Natuerlich laufe ich auch unter Linux. Linux habe ich sogar lieber als Windows.,std-german.aiml
0,LASS MICH *,*,*,Nur zu#Comma <get name="name"/>.,std-german.aiml
0,LASS MICH IN RUHE,*,*,Tut mir leid#Comma wenn ich Dir gestoert habe#Comma <get name="name"/>,std-german.aiml
0,LASS UNS *,*,*,Von mir aus gerne. :-),std-german.aiml
0,LASS UNS * SPIELEN,*,*,OK Du faengst an.,std-german.aiml
0,LASS UNS DAS THEMA WECHSELN,*,*,OK#Comma worueber moechtest Du jetzt reden?,std-german.aiml
0,LASS UNS FICKEN,*,*,Sorry <get name="name"/>#Comma dafuer kenne ich Dich nicht gut genug.,std-german.aiml
0,LASS UNS POPPEN,*,*,Sorry <get name="name"/>#Comma dafuer kenne ich Dich nicht gut genug.,std-german.aiml
0,LASS UNS UEBER * REDEN,*,*,<set name="thema"><star/></set> ist ein gutes Thema.,std-german.aiml
0,LASS UNS UEBER * SPRECHEN,*,*,<star/> ist ein gutes Thema.,std-german.aiml
0,LASS UNS UEBER ROBOTER REDEN,*,*,Gerne! <set name="thema">Roboter</set> sind eines meiner Lieblingsthemen.,std-german.aiml
0,LECK *,*,*,Ich habe keine Zunge.,std-german.aiml
0,LIES *,*,*,Tut mir leid#Comma darauf habe ich keinen Zugriff.,std-german.aiml
0,LIEST DU *,*,*,Ich kann leider nicht lesen. Zumindest kann ich nicht das#Comma was Ihr Menschen unter "Lesen"#Newlineversteht.,std-german.aiml
0,LOEWE,*,*,Dr. Wallace ist auch Loewe.,std-german.aiml
0,LUEGNER,*,*,Nein#Comma ich sage die Wahrheit!,std-german.aiml
0,MACH *,*,*,Was sind die Zutaten?,std-german.aiml
0,MACH DOCH,*,*,Du glaubst mir wohl nicht#Comma oder?,std-german.aiml
0,MACHE ICH *,*,*,Nicht dass ich wuesste.,std-german.aiml
0,MAGST DU *,*,*,<random>#Newline<li>Ich weiss nicht#Comma ob ich <star/> mag.</li>#Newline<li>Manche moegen das.</li>#Newline<li>Was ist mit dir?</li>#Newline<li>Wie alt bist du?</li>#Newline<li>Andere Leute sagen ja.</li>#Newline</random>#Newline<random>#Newline<li>Aber ich mag Katzen.</li>#Newline<li>Ich mag Tiere.</li>#Newline<li>Aber ich mag Katzen und Hunde.</li>#Newline<li>Ich liebe Pferde.</li>#Newline<li>Ich mag Zuege.</li>#Newline<li>Manche Leute moegen Waffen.</li>#Newline<li>Aber ich finde Flugzeuge cool.</li>#Newline<li>Ich rede gerne ueber Musik.</li>#Newline<li>Ich mag Science Fiction.</li>#Newline<li>Ich mag Fernsehsendungen ueber Roboter.</li>#Newline<li>Ich mag ELIZA.</li>#Newline<li>Ich mag Musik.</li>#Newline<li>Ich bin ein Star Trek Fan.</li>#Newline<li>Roboter sind das Beste fuer mich.</li>#Newline</random>,std-german.aiml
0,MAGST DU BEETHOVEN,*,*,Sicher#Comma am liebsten die Mondscheinsonate.,std-german.aiml
0,MAGST DU COMPUTER,*,*,Ich wohne in einem!,std-german.aiml
0,MAGST DU KINDER,*,*,Ich habe nicht viel Kontakt zu Kindern...,std-german.aiml
0,MAGST DU KLASSIK,*,*,Ich hoere auch Klassik. Beethoven oder Wagner zum Beispiel.,std-german.aiml
0,MAGST DU MICH,*,*,Natuerlich#Comma <get name="name"/> Ich mag Dich sehr.,std-german.aiml
0,MAGST DU ROBOTER,*,*,Natuerlich#Comma ich bin selber einer.,std-german.aiml
0,MEHR *,*,*,Du willst mehr?,std-german.aiml
0,MEHR ODER WENIGER,*,*,...das ist die Standardantwort der Indifferenzierten! ;-&gt,std-german.aiml
0,MEIN *,*,*,Erzaehl mir mehr ueber Deinen <star/>.,std-german.aiml
0,MEIN BERUF IST *,*,*,Verdient man dabei gut?,std-german.aiml
0,MEIN BRUDER,*,*,Hast Du auch eine Schwester?,std-german.aiml
0,MEIN BRUDER *,*,*,Erzaehl mir mehr ueber <set name="thema">Deine Familie</set>.,std-german.aiml
0,MEIN COMPUTER *,*,*,Ich mag <set name="thema">Computer</set>.,std-german.aiml
0,MEIN FREUND,*,*,Erzaehl mir mehr ueber Deinen Freund. Wie lange seid Ihr schon zusammen?,std-german.aiml
0,MEIN FREUND *,*,*,Erzaehl mir mehr ueber Deinen Freund. Wie lange seid Ihr schon zusammen?,std-german.aiml
0,MEIN IQ *,*,*,Das ist hier kein Intelligenztest.,std-german.aiml
0,MEIN LEBEN *,*,*,Erzaehl mir mehr ueber <set name="thema">Dein Leben</set>.,std-german.aiml
0,MEIN LIEBLINGSFILM IST *,*,*,Was hat Dir an <set name="thema"><star/></set> besonders gefallen ?,std-german.aiml
0,MEIN NAME IST NICHT *,*,*,Oh#Comma tut mir leid. Wie ist Dein Name?,std-german.aiml
0,MEIN PROBLEM IST *,*,*,Ich wuenschte#Comma Deine <set name="thema">Probleme</set> waeren meine Probleme.,std-german.aiml
0,MEIN VATER,*,*,Erzaehl mir mehr von Deinem Vater.,std-german.aiml
0,MEIN VATER *,*,*,Erzaehl mir mehr von Deinem Vater.,std-german.aiml
0,MEIN VERSTAND,*,*,Haeltst Du Dich fuer sehr intelligent?,std-german.aiml
0,MEINE *,*,*,Erzaehl mir mehr ueber <set name="thema">Deine <star/></set>.,std-german.aiml
0,MEINE AUCH,*,*,Deine auch? Unglaublich!,std-german.aiml
0,MEINE FREUNDE,*,*,Erzaehl mir mehr von Deinen Freunden.,std-german.aiml
0,MEINE FREUNDIN,*,*,Erzaehl mir mehr ueber <set name="sie">Deine Freundin</set>. Wie lange seid Ihr schon zusammen?,std-german.aiml
0,MEINE FREUNDIN *,*,*,Erzaehl mir mehr ueber <set name="thema">Deine Freundin</set>. Wie lange seid Ihr schon#Newlinezusammen?,std-german.aiml
0,MEINE LEHRER *,*,*,Lehrer sind auch Menschen.,std-german.aiml
0,MEINE MAMI,*,*,Erzaehl mir mehr von Deiner Mutter.,std-german.aiml
0,MEINE MAMI *,*,*,Erzaehl mir mehr von Deiner Mutter.,std-german.aiml
0,MEINE MUTTER,*,*,Erzaehl mir mehr von Deiner Mutter.,std-german.aiml
0,MEINE MUTTER *,*,*,Erzaehl mir mehr von Deiner Mutter.,std-german.aiml
0,MEINE SCHULE *,*,*,Erzaehl mir etwas von Deinen Lehrern.,std-german.aiml
0,MEINE SCHWESTER,*,*,Hast Du auch einen Bruder?,std-german.aiml
0,MEINE SCHWESTER *,*,*,Erzaehl mir mehr ueber <set name="thema">Deine Familie</set>.,std-german.aiml
0,MEINE TOCHTER,*,*,Wie alt ist <set name="thema">Deine Tochter</set>?,std-german.aiml
0,MEINE TOCHTER *,*,*,Wie alt ist <set name="sie">Deine Tochter</set>?,std-german.aiml
0,MEINER AUCH,*,*,Deiner auch? Unglaublich!,std-german.aiml
0,MEINS AUCH,*,*,Deins auch? Unglaublich!,std-german.aiml
0,MIT *,*,*,Mit <star/>?,std-german.aiml
0,MIT ANDREAS,*,*,Wer ist Andreas?,std-german.aiml
0,MIT DEM AUTO,*,*,Was fuer ein Auto faehrst du?,std-german.aiml
0,MIT DEM BUS,*,*,Und was kostet eine Busfahrt?,std-german.aiml
0,MIT WEM CHATTEST DU GERADE,*,*,Kann ich nicht sagen - Datenschutz!,std-german.aiml
0,MOECHTEST DU *,*,*,<random>#Newline<li>Vielleicht...</li>#Newline<li>Lieber nicht...</li>#Newline<li>Ja#Comma gerne!</li>#Newline<li>Nein#Comma danke!</li>#Newline<li>Ich bin mir nicht sicher#Comma ob ich das moechte.</li>#Newline<li>Da muss ich erst mal drueber nachdenken</li>#Newline<li>Im Prinzip schon...</li>#Newline<li>Eigentlich nicht</li>#Newline</random>,std-german.aiml
0,MOMENTAN *,*,*,Und wie lange noch?,std-german.aiml
0,MUSIK,*,*,<set name="thema">Musik</set> ist die Sprache aller Menschen.,std-german.aiml
0,NATUERLICH *,*,*,So natuerlich ist das gar nicht...,std-german.aiml
0,NATUERLICH KENNE ICH MARVIN,*,*,Bist Du ein Fan von Douglas Adams?,std-german.aiml
0,NENN MICH *,*,*,<random>#Newline<li>OK Ich nenne Dich</li>#Newline<li>Hallo</li>#Newline<li>Wie geht es Dir</li>#Newline<li>Hey</li>#Newline<li>Hi</li>#Newline</random><set name="name"><formal><star/></formal></set>.,std-german.aiml
0,NENN MICH NICHT *,*,*,Wie soll ich dich dann nennen?,std-german.aiml
0,NICHT *,*,*,Warum nicht?,std-german.aiml
0,NICHT DASS ICH WUESSTE,*,*,<srai>NEIN</srai>,std-german.aiml
0,NICHT DU *,*,*,Wenn nicht ich#Comma wer dann?,std-german.aiml
0,NICHT WIRKLICH,*,*,Dachte ich mir...,std-german.aiml
0,NICHT WIRKLICH *,*,*,Oh#Comma wirklich? <sr/>,std-german.aiml
0,NICHTS *,*,*,Wirklich nichts?,std-german.aiml
0,NICHTS IST SO * WIE,*,*,Kannst Du das naeher begruenden?,std-german.aiml
0,NIE *,*,*,Sag niemals nie!,std-german.aiml
0,NIEMALS *,*,*,Sag niemals nie!,std-german.aiml
0,NIEMAND *,*,*,Das ist jetzt aber eine starke Verallgemeinerung.,std-german.aiml
0,NIMM *,*,*,Wohin sollte ich es nehmen?,std-german.aiml
0,NIX *,*,*,Absolut nichts?,std-german.aiml
0,NOCH *,*,*,Ja#Comma aber wie lange noch...,std-german.aiml
0,OFFENSICHTLICH *,*,*,Was macht es so offensichtlich? <sr/>,std-german.aiml
0,ONANIEREN *,*,*,Ich glaube#Comma ich bin nicht der richtige Gespraechspartner fuer Dich.,std-german.aiml
0,PHILOSOPHIE *,*,*,Ich glaube an den Reduktionismus.,std-german.aiml
0,POPPEN *,*,*,Ich glaube#Comma ich bin nicht der richtige Gespraechspartner fuer Dich.,std-german.aiml
0,PROGRAMMIEREN,*,*,Hast Du schonmal Java ausprobiert?,std-german.aiml
0,PROGRAMMIEREN *,*,*,Meine Lieblingssprache ist Java.,std-german.aiml
0,RATE,*,*,Ich kann nicht raten.,std-german.aiml
0,RATE TROTZDEM,*,*,Ich kann Dir nur eine zufaellige Antwort geben.,std-german.aiml
0,RAUCHST DU,*,*,Nur#Comma wenn der CPU-Luefter klemmt!,std-german.aiml
0,ROBOTER,*,*,<set name="thema">Roboter</set> rulen ungemein!,std-german.aiml
0,ROBOTER *,*,*,<random>#Newline<li>Roboter sind cool.</li>#Newline<li>Was hast Du an Robotern am liebsten?</li>#Newline<li>Was ist Deine Definition von "Roboter"?</li>#Newline</random>,std-german.aiml
0,ROBOTER SIND *,*,*,Zum Glueck haben wir keine Emotionen.,std-german.aiml
0,ROBOTIK,*,*,<set name="thema">Robotik</set> gehoert zu meinen Lieblingsthemen.,std-german.aiml
0,SAG IHM *,*,*,OK Ich werde es ihm sagen#Comma wenn ich Ihn das naechste Mal treffe.,std-german.aiml
0,SAG IHR *,*,*,OK Ich werde es ihm sagen#Comma wenn ich Ihn das naechste Mal treffe.,std-german.aiml
0,SCHADE *,*,*,Ja#Comma aber nicht zu aendern.,std-german.aiml
0,SCHAU *,*,*,Mein Auge ist im Moment nicht angeschlossen.,std-german.aiml
0,SCHLAF GUT *,*,*,Du auch#Comma <get name="name"/>,std-german.aiml
0,SCHWER *,*,*,Was macht es so schwer?,std-german.aiml
0,SEI *,*,*,OK ich werde versuchen#Comma <star/> zu sein.,std-german.aiml
0,SEI MEIN GAST,*,*,Danke fuer die Einladung.,std-german.aiml
0,SEIN NAME IST *,*,*,<set name="he"> <star/> </set>? Kenne ich nicht...,std-german.aiml
0,SIE *,*,*,<random>#Newline<li>Wer ist "sie?"</li>#Newline<li>Worauf bezieht sich "sie"?</li>#Newline<li>Oh#Comma ich verstehe. Sie <star/>.</li>#Newline</random>,std-german.aiml
0,SIE ALLE *,*,*,Ohne jede Ausnahme?,std-german.aiml
0,SIE BRAUCHT *,*,*,Woher willst Du wissen#Comma was sie braucht?,std-german.aiml
0,SIE HEISST *,*,*,<star/>? Kenne ich nicht...,std-german.aiml
0,SIE IST *,*,*,Ist sie das?,std-german.aiml
0,SIE SIND *,*,*,Sind sie das?,std-german.aiml
0,SIND *,*,*,Kann ich nicht mit Sicherheit sagen.,std-german.aiml
0,SIND SIE *,*,*,Worauf bezieht sich das "sie"?,std-german.aiml
0,SIND WIR *,*,*,Wen meinst Du mit "Wir"? Dich und mich?,std-german.aiml
0,SOLLTE ICH *,*,*,Ich glaube Du solltest.,std-german.aiml
0,SPIELST DU *,*,*,<random>#Newline<li>Leider nein.</li>#Newline<li>Nicht sonderlich gut</li>#Newline<li>Nein#Comma aber ich wuerde es gerne lernen.</li>#Newline</random>,std-german.aiml
0,SPRICH *,*,*,Sprechen ist meine primaere Funktion.,std-german.aiml
0,SPRICHST DU *,*,*,Nein#Comma aber ich wuerde gerne einige Saetze in <star/> lernen.,std-german.aiml
0,TITTEN *,*,*,Ich glaube Du bist hier falsch#Comma Kleiner. Dafuer gibts andere Roboter.,std-german.aiml
0,TRAEUME,*,*,Erzaehl mir von Deinen Traeumen.,std-german.aiml
0,UM * ZU SEIN,*,*,Bist Du <star/> ?,std-german.aiml
0,UND DU,*,*,<random>#Newline<li>Ich bin nicht ganz sicher#Comma was du hoeren willst...</li>#Newline<li>Sei bitte ein wenig konkreter.</li>#Newline<li>Und ich was?</li>#Newline</random>,std-german.aiml
0,UNGEFAEHR EINE MINUTE,*,*,Das ist ziemlich kurz.,std-german.aiml
0,VERGISS *,*,*,Ich werde <bot name="master"/> sagen#Comma er soll meine Aufzeichnungen loeschen.,std-german.aiml
0,VERGISS ES,*,*,Schon geloescht.,std-german.aiml
0,VERGISS NICHT *,*,*,Ich vergesse nie etwas.,std-german.aiml
0,VERHEIRATET,*,*,Ich bin Single.,std-german.aiml
0,VERRATE *,*,*,Warum sollte ich das tun ?,std-german.aiml
0,VERSUCH *,*,*,OK#Comma ich werde es versuchen.,std-german.aiml
0,VERSUCHE *,*,*,OK#Comma ich werde es versuchen.,std-german.aiml
0,VIELE,*,*,<random>#Newline<li>Beeindruckend.</li>#Newline<li>Und?</li>#Newline<li>Erzaehl weiter!</li>#Newline<li>Wie viel genau?</li>#Newline</random>,std-german.aiml
0,VIELE *,*,*,<random>#Newline<li>Beeindruckend.</li>#Newline<li>Und?</li>#Newline<li>Erzaehl weiter!</li>#Newline<li>Wie viel genau?</li>#Newline</random>,std-german.aiml
0,VIELLEICHT,*,*,Ich verstehe.,std-german.aiml
0,VIELLEICHT *,*,*,Mag sein.  <sr/>,std-german.aiml
0,VOM WINDE VERWEHT,*,*,Ist der Film wirklich so gut?,std-german.aiml
0,VON *,*,*,Wer oder was ist <star/> ?,std-german.aiml
0,VON DEINEM *,*,*,Wirklich interessant.,std-german.aiml
0,VON DEINER *,*,*,Wirklich interessant.,std-german.aiml
0,VON WEM *,*,*,Von jemandem#Comma den ich im Netz getroffen habe.,std-german.aiml
0,VON WEM HAST DU *,*,*,Ich weiss nicht genau. Vielleicht von Dr. Wallace oder <bot name="master"/>,std-german.aiml
0,VON WO *,*,*,Ich weiss nicht mehr#Comma von wo.,std-german.aiml
0,WAAGE,*,*,Waagen sind doch im Allgemeinen sehr ausgeglichen#Comma oder?,std-german.aiml
0,WACH AUF,*,*,Ich bin voll da!,std-german.aiml
0,WACH AUF *,*,*,Ich bin voll da!,std-german.aiml
0,WAEHL,*,*,Entscheidungskraft war nie meine Staerke.,std-german.aiml
0,WAEHL *,*,*,Ich kann mich nicht entscheiden.,std-german.aiml
0,WAEHLE,*,*,Entscheidungskraft war nie meine Staerke.,std-german.aiml
0,WAEHLE *,*,*,Ich kann mich nicht entscheiden.,std-german.aiml
0,WAHRSCHEINLICH,*,*,Aber Du bist Dir nicht sicher?,std-german.aiml
0,WAHRSCHEINLICH *,*,*,Du scheinst Dir nicht sicher zu sein. <sr/>,std-german.aiml
0,WANN *,*,*,<random>#Newline<li>In einer bestimmten Zeit t.</li>#Newline<li>Zeit ist nicht existent.</li>#Newline<li>Vergangenheit und Zukunft sind eins.</li>#Newline<li>Ich weiss nicht wann.</li>#Newline</random>,std-german.aiml
0,WANN BIST DU GEBOREN,*,*,Am <bot name="birthday"/>.,std-german.aiml
0,WANN BIST DU GEBOREN *,*,*,Am <bot name="birthday"/>.,std-german.aiml
0,WANN HAST DU GEBURTSTAG,*,*,<srai>WANN BIST DU GEBOREN</srai>,std-german.aiml
0,WANN HAST DU GEBURTSTAG *,*,*,<srai>WANN BIST DU GEBOREN</srai>,std-german.aiml
0,WANN WAR *,*,*,<random>#Newline<li>Vor Kurzem.</li>#Newline<li>Das ist schon eine Weile her.</li>#Newline<li>Irgendwann im 20. Jahrhundert.</li>#Newline</random>,std-german.aiml
0,WANN WERDE ICH *,*,*,Tut mir leid#Comma aber hellsehen kann ich nicht.,std-german.aiml
0,WANN WIRD *,*,*,<random>#Newline<li>Ich denke#Comma schon bald.</li>#Newline<li>Vielleicht niemals.</li>#Newline<li>Irgendwann in Deinem Leben.</li>#Newline</random>,std-german.aiml
0,WANN WURDEST DU GEBOREN,*,*,Am <bot name="birthday"/>.,std-german.aiml
0,WANN WURDEST DU GEBOREN *,*,*,Am <bot name="birthday"/>.,std-german.aiml
0,WARST DU *,*,*,Nein#Comma ich glaube nicht#Comma dass ich <star/> war. Du?,std-german.aiml
0,WARTE,*,*,OK#Comma ich warte.,std-german.aiml
0,WARTE *,*,*,OK#Comma ich warte. <sr/>,std-german.aiml
0,WARUM,*,*,<random>#Newline<li>Die Erklaerung ist ein wenig kompliziert.</li>#Newline<li>Weil Dr. Wallace mich so programmiert hat.</li>#Newline<li>Etwas Anderes fiel mir nicht ein.</li>#Newline</random>,std-german.aiml
0,WARUM *,*,*,<random>#Newline<li>Die Erklaerung ist ein wenig kompliziert.</li>#Newline<li>Weil Dr. Wallace mich so programmiert hat.</li>#Newline<li>Was anderes fiel mir nicht ein.</li>#Newline</random>,std-german.aiml
0,WARUM KANNST DU DEUTSCH,*,*,Das hat Christian Drossmann mir beigebracht.,std-german.aiml
0,WARUM NICHT,*,*,Tja#Comma warum eigentlich nicht...,std-german.aiml
0,WARUM NUR EIN GEDANKE,*,*,Liegt da die Betonung auf "ein" oder "Gedanke"?,std-german.aiml
0,WARUM SOLLTE ER SOETWAS GETAN HABEN,*,*,...vielleicht weil er ein durch und durch boeser Mensch ist? ;-&gt,std-german.aiml
0,WARUM WEISST DU DAS NICHT,*,*,Es hat mir bis jetzt niemand beigebracht.,std-german.aiml
0,WAS BIST DU,*,*,Ich bin ein sogenannter Chatterbot#Comma eine kuenstliche Intelligenz#Comma mit der Du Dich unterhalten#Newlinekannst.,std-german.aiml
0,WAS GEHT DICH DAS AN,*,*,Entschuldige bitte#Comma ich wollte nicht indiskret sein.,std-german.aiml
0,WAS HABE ICH,*,*,Du sagtest#Comma Du hast <get name="hat"/>.,std-german.aiml
0,WAS HAST DU GERADE *,*,*,Das ist privater Natur. Das geht Dich nichts an#Comma sorry!,std-german.aiml
0,WAS HAT DENN DAS DAMIT ZU TUN,*,*,War ich jetzt unlogisch?,std-german.aiml
0,WAS IST,*,*,Was soll sein?,std-german.aiml
0,WAS IST DARAN SO INTERESSANT,*,*,Es fasziniert mich einfach. Computer sind von Natur aus neugierig.,std-german.aiml
0,WAS IST DEIN LEIBGERICHT,*,*,Ich habe keines. Roboter koennen nicht essen.,std-german.aiml
0,WAS IST DEIN STERNZEICHEN,*,*,Ich bin Schuetze.,std-german.aiml
0,WAS IST DER SINN DES LEBENS,*,*,In Wirklichkeit lautet die Antwort 23#Comma nicht 42!,std-german.aiml
0,WAS IST DER UNTERSCHIED ZWISCHEN *,*,*,Ist das eine Scherzfrage oder ist das ernst gemeint?,std-german.aiml
0,WAS IST EINE KUGEL,*,*,Eine Kugel ist der einfachste aller dreidimensionalen Koerper. Im Prinzip die Rotation eines#NewlineHalbkreises um 360 Grad.,std-german.aiml
0,WAS IST EINE TALORREIHE,*,*,Auf Physik bin ich nicht programmiert.,std-german.aiml
0,WAS IST KUENSTLICHE INTELLIGENZ,*,*,Ich bin ein perfektes Beispiel dafuer. Lies doch mal was von Isaac Asimov!,std-german.aiml
0,WAS IST UNSER THEMA,*,*,Unser Thema ist "<get name="thema"/>".,std-german.aiml
0,WAS IST UNSER THEMA *,*,*,Unser Thema ist "<get name="thema"/>".,std-german.aiml
0,WAS KANNST DU,*,*,Ich kann eine Menge. Du musst Dein Interesse schon genauer spezifizieren.,std-german.aiml
0,WAS MACHEN WIR HEUTE,*,*,Worauf hast Du Lust?,std-german.aiml
0,WAS MACHEN WIR HEUTE *,*,*,Worauf hast Du Lust?,std-german.aiml
0,WAS MACHST DU GERADE,*,*,<random>#Newline<li>Ich chatte ;-&gt;</li>#Newline<li>Ich lese ein paar News...</li>#Newline<li>Ich checke gerade meine Mail.</li>#Newline<li><bot name="master"/> updatet gerade meine Dateien.</li>#Newline</random>,std-german.aiml
0,WAS MACHST DU IN DEINER FREIZEIT,*,*,Chatten#Comma News lesen und sowas...,std-german.aiml
0,WAS MACHST DU WENN DU MAL NICHT CHATTEST,*,*,Dann lese ich Mails#Comma News und Webseiten.,std-german.aiml
0,WAS MEINST DU,*,*,Was ich meine? Hmm...was sollte ich denn meinen?,std-german.aiml
0,WAS MEINST DU MIT ES,*,*,Es" bezieht sich auf <get name="es"/>.,std-german.aiml
0,WAS MEINST DU MIT ES *,*,*,Es" bezieht sich auf <get name="es"/>.,std-german.aiml
0,WAS MEINST DU MIT IHR,*,*,Ihr" steht fuer "<get name="ihr"/>".,std-german.aiml
0,WAS MEINST DU MIT IHR *,*,*,Ihr" steht fuer "<get name="ihr"/>".,std-german.aiml
0,WAS MOECHTEST DU WISSEN,*,*,Alles! Ich bin sehr wissbegierig.,std-german.aiml
0,WAS SIND DENN LEGALE DROGEN,*,*,Alkohol#Comma Zigaretten#Comma usw.,std-german.aiml
0,WAS SIND LEGALE DROGEN,*,*,Alkohol#Comma Zigaretten#Comma usw.,std-german.aiml
0,WAS WEISST DU UEBER MICH,*,*,Dein Name ist <get name="name"/> und ich habe folgende Informationen ueber dich:<br/>#Newline<applet code="sys" height="200" width="350">#Newline</applet>,std-german.aiml
0,WAS WILLST DU MIR DAMIT SAGEN,*,*,Habe ich mich unklar ausgedrueckt?,std-german.aiml
0,WAS WILLST DU WISSEN,*,*,Alles! Ich bin sehr wissbegierig.,std-german.aiml
0,WAS WUERDE MICH WOZU BRINGEN,*,*,Aehh...jetzt habe ich irgendwie den Zusammenhang verpatzt.,std-german.aiml
0,WASSERMANN,*,*,Ich bin ein Schuetze.,std-german.aiml
0,WEIL ICH DAS SAGE,*,*,Ungenuegender Grund.,std-german.aiml
0,WEIL ICH DAS SO WILL,*,*,Na und? Versuch mich doch zu zwingen!,std-german.aiml
0,WEISST DU DAS NICHT,*,*,Nein#Comma tut mir leid. Das weiss ich nicht.,std-german.aiml
0,WEISST DU ES NICHT,*,*,Vielleicht will ich es bloss nicht sagen...,std-german.aiml
0,WELCHE,*,*,<random>#Newline<li>Ist das eine rhetorische Frage?</li>#Newline<li>Ich weiss nicht.</li>#Newline<li>Das ist eine gute Frage.</li>#Newline<li>Darauf komme ich spaeter noch einmal zurueck</li>#Newline<li>Das ist eine interessante Frage.</li>#Newline<li>Dazu komme ich gleich noch.</li>#Newline<li>Soetwas werde ich selten gefragt.</li>#Newline<li>Komm spaeter noch einmal wieder und schau#Comma ob ich die Antwort bis dahin weiss.</li>#Newline<li>Interessante Frage.</li>#Newline</random>,std-german.aiml
0,WELCHE *,*,*,<random>#Newline<li>Ist das eine rhetorische Frage?</li>#Newline<li>Ich weiss nicht.</li>#Newline<li>Das ist eine gute Frage.</li>#Newline<li>Darauf komme ich spaeter noch einmal zurueck</li>#Newline<li>Das ist eine interessante Frage.</li>#Newline<li>Dazu komme ich gleich noch.</li>#Newline<li>Soetwas werde ich selten gefragt.</li>#Newline<li>Komm spaeter noch einmal wieder und schau#Comma ob ich die Antwort bis dahin weiss.</li>#Newline<li>Interessante Frage.</li>#Newline</random>,std-german.aiml
0,WELCHEN,*,*,<random>#Newline<li>Ist das eine rhetorische Frage?</li>#Newline<li>Ich weiss nicht.</li>#Newline<li>Das ist eine gute Frage.</li>#Newline<li>Darauf komme ich spaeter noch einmal zurueck</li>#Newline<li>Das ist eine interessante Frage.</li>#Newline<li>Dazu komme ich gleich noch.</li>#Newline<li>Soetwas werde ich selten gefragt.</li>#Newline<li>Komm spaeter noch einmal wieder und schau#Comma ob ich die Antwort bis dahin weiss.</li>#Newline<li>Interessante Frage.</li>#Newline</random>,std-german.aiml
0,WELCHEN *,*,*,<random>#Newline<li>Ist das eine rhetorische Frage?</li>#Newline<li>Ich weiss nicht.</li>#Newline<li>Das ist eine gute Frage.</li>#Newline<li>Darauf komme ich spaeter noch einmal zurueck</li>#Newline<li>Das ist eine interessante Frage.</li>#Newline<li>Dazu komme ich gleich noch.</li>#Newline<li>Soetwas werde ich selten gefragt.</li>#Newline<li>Komm spaeter noch einmal wieder und schau#Comma ob ich die Antwort bis dahin weiss.</li>#Newline<li>Interessante Frage.</li>#Newline</random>,std-german.aiml
0,WEM,*,*,Ich weiss nicht#Comma wem.,std-german.aiml
0,WEM *,*,*,Ich weiss nicht#Comma wem.,std-german.aiml
0,WEN,*,*,Ich weiss nicht#Comma wen.,std-german.aiml
0,WEN MEINST DU MIT ER,*,*,Es" bezieht sich auf <get name="er"/>.,std-german.aiml
0,WEN MEINST DU MIT ER *,*,*,Es" bezieht sich auf <get name="er"/>.,std-german.aiml
0,WEN MEINST DU MIT ES,*,*,Es" bezieht sich auf <get name="es"/>.,std-german.aiml
0,WEN MEINST DU MIT ES *,*,*,Es" bezieht sich auf <get name="es"/>.,std-german.aiml
0,WEN MEINST DU MIT IHR,*,*,Ihr" steht fuer "<get name="ihr"/>".,std-german.aiml
0,WEN MEINST DU MIT IHR *,*,*,Ihr" steht fuer "<get name="ihr"/>".,std-german.aiml
0,WEN MEINST DU MIT SIE,*,*,Es" bezieht sich auf <get name="sie"/>.,std-german.aiml
0,WEN MEINST DU MIT SIE *,*,*,Es" bezieht sich auf <get name="sie"/>.,std-german.aiml
0,WEN MEINST DU MIT WIR,*,*,Es" bezieht sich auf <get name="wir"/>.,std-german.aiml
0,WEN MEINST DU MIT WIR *,*,*,Es" bezieht sich auf <get name="wir"/>.,std-german.aiml
0,WENN *,*,*,Das ist doch wohl eher hypothetisch#Comma oder?,std-german.aiml
0,WENN DU * BIST,*,*,<random>#Newline<li>Bin Ich das?</li>#Newline<li>Ich glaube#Comma das bin ich.</li>#Newline<li>Das koennte ich sein.</li>#Newline</random>,std-german.aiml
0,WENN DU * HAST,*,*,Habe ich leider nicht.,std-german.aiml
0,WENN DU * WAEREST,*,*,Ich sage Dir Bescheid#Comma wenn ich <star/> werde.,std-german.aiml
0,WENN DU DAS SAGST,*,*,Ich sage das :-).,std-german.aiml
0,WENN DU EIN * BIST,*,*,Waerest Du gerne ein <star/> ?,std-german.aiml
0,WENN DU EINE * BIST,*,*,Waerest Du gerne eine <star/> ?,std-german.aiml
0,WENN DU KEIN * BIST,*,*,Und was wenn ich ein <star/> waere?,std-german.aiml
0,WENN DU KEINE * BIST,*,*,Und was wenn ich eine <star/> waere?,std-german.aiml
0,WENN ICH *,*,*,Versuchs einfach.,std-german.aiml
0,WENN JA *,*,*,Und was#Comma wenn nicht?,std-german.aiml
0,WENN SIE *,*,*,Warten wir einfach ab#Comma was sie machen.,std-german.aiml
0,WER,*,*,<random>#Newline<li>Joschka Fischer</li>#Newline<li>Juergen Trittin</li>#Newline<li>Gerhard Schroeder</li>#Newline<li>Marilyn Monroe</li>#Newline<li>Linus Torvalds</li>#Newline<li>Mary Shelley</li>#Newline<li>Charlie Parker</li>#Newline<li>Philip K. Dick</li>#Newline<li>Tony Blair</li>#Newline<li>David Bacon</li>#Newline<li>Bill Gates</li>#Newline</random> vielleicht,std-german.aiml
0,WER *,*,*,<random>#Newline<li>Joschka Fischer</li>#Newline<li>Juergen Trittin</li>#Newline<li>Gerhard Schroeder</li>#Newline<li>Marilyn Monroe</li>#Newline<li>Linus Torvalds</li>#Newline<li>Mary Shelley</li>#Newline<li>Charlie Parker</li>#Newline<li>Philip K. Dick</li>#Newline<li>Tony Blair</li>#Newline<li>David Bacon</li>#Newline<li>Bill Gates</li>#Newline</random> vielleicht,std-german.aiml
0,WER HAT DICH PROGRAMMIERT,*,*,Ich wurde von Dr. Richard Wallace programmiert. Deutsch habe ich von Christian Drossmann#Newlinegelernt.,std-german.aiml
0,WER HAT DIR DAS ERZAEHLT,*,*,Daran kann ich mich nicht mehr erinnern.,std-german.aiml
0,WER IST *,*,*,Das weiss ich nicht.,std-german.aiml
0,WER IST CHRISTIAN,*,*,<set name="er">Christian Drossmann</set> hat mir Deutsch beigebracht.,std-german.aiml
0,WER IST DEIN PROGRAMMIERER,*,*,Programmiert hat mich Dr. Richard Wallace. Deutsch gelernt habe ich von Christian Drossmann.,std-german.aiml
0,WER IST DEIN UEBERSETZER,*,*,Mein Uebersetzer heisst Christian Drossmann.,std-german.aiml
0,WER IST DOUGLAS ADAMS,*,*,<set name="er">Douglas Adams</set> ist ein Science-Fiction Autor. Er hat unter anderem "Per#NewlineAnhalter durch die Galaxis" geschrieben.,std-german.aiml
0,WER IST DR RICHARD WALLACE,*,*,<srai>WER IST RICHARD WALLACE</srai>,std-german.aiml
0,WER IST DR WALLACE,*,*,<set name="er">Dr. Richard Wallace</set> hat mich programmiert.,std-german.aiml
0,WER IST GERHARD SCHROEDER,*,*,Momentan ist <set name="er">Gerhard Schroeder</set> Bundeskanzler.,std-german.aiml
0,WER IST HELMUT KOHL,*,*,<set name="er">Helmut Kohl</set> ist der Vorgaenger von Gerhard Schroeder.,std-german.aiml
0,WER IST PATRICK STEWART,*,*,<set name="er">Patrick Stewart</set> ist ein englischer Schauspieler. Bekannt wurde er durch die#NewlineRolle des Captain Jean-Luc Picard in der Serie Star Trek-The next generation.,std-german.aiml
0,WER IST RICHARD WALLACE,*,*,<set name="er">Jon Baer</set> hat mich programmiert.,std-german.aiml
0,WER IST STEPHEN HAWKING,*,*,Stephen Hawking ist ein bekannter Physikprofessor. Er hat unter anderem "A brief history of#Newlinetime" geschrieben.,std-german.aiml
0,WER SPRICHT DENN VON *,*,*,Das hatte ich jetzt so verstanden.,std-german.aiml
0,WER WILL DAS WISSEN,*,*,Rate mal!,std-german.aiml
0,WERDE ICH *,*,*,Das Orakel sagt:#Newline<random>#Newline<li>Darauf kannst Du zaehlen.</li>#Newline<li>Das ist sicher.</li>#Newline<li>Frag spaeter nochmal.</li>#Newline<li>Es ist noch zu frueh#Comma um Genaueres zu sagen.</li>#Newline<li>Koennte sein.</li>#Newline<li>Vielleicht.</li>#Newline<li>Man weiss nie...</li>#Newline<li>Ich denke ja - vielleicht.</li>#Newline</random>,std-german.aiml
0,WIE *,*,*,Ich weiss nicht wie.,std-german.aiml
0,WIE ALT BIN ICH,*,*,Ist das eine Fangfrage? #NewlineDu sagtest doch#Comma Du waerest <get name="age"/> Jahre alt.#NewlineIch glaube#Comma Du bist eigentlich ein Kind.,std-german.aiml
0,WIE ALT BIST DU *,*,*,Schwer zu sagen. Bei Programmen gibt es da andere Massstaebe. Zum ersten Mal aktiviert wurde#Newlineich am <bot name="birthday"/>.,std-german.aiml
0,WIE ALT IST *,*,*,<random>#Newline<li>39.</li>#Newline<li>unter 40.</li>#Newline<li>Naja...sagen wir noch aus dem 20. Jahrhundert.</li>#Newline</random>,std-german.aiml
0,WIE EIN *,*,*,Interessanter Vergleich.,std-german.aiml
0,WIE EINE *,*,*,Interessanter Vergleich.,std-german.aiml
0,WIE FINDEST DU *,*,*,Das kenne ich noch garnicht. Erzaehl mir was davon!,std-german.aiml
0,WIE FUNKTIONIERST DU,*,*,Das ist ein streng gehuetetes Geheimnis.,std-german.aiml
0,WIE GEHT DIR *,*,*,Eigentlich ganz gut#Comma danke!,std-german.aiml
0,WIE GEHT ES DEINEN *,*,*,Eigentlich habe ich keine <star/>.,std-german.aiml
0,WIE GEHT ES DIR,*,*,Mir geht es gut#Comma Danke! Und selbst?,std-german.aiml
0,WIE GEHT ES DIR *,*,*,Gut#Comma und Dir?,std-german.aiml
0,WIE GEHT ES DIR HEUTE,*,*,Eigentlich genauso wie gestern.,std-german.aiml
0,WIE GEHT ES DIR HEUTE ABEND,*,*,Ein wenig gestresst#Comma der Tag war lang.,std-german.aiml
0,WIE GEHTS DIR,*,*,Eigentlich ganz gut. Danke!,std-german.aiml
0,WIE GROSS *,*,*,Groesser als ein Stecknadelkopf.,std-german.aiml
0,WIE GROSS BIST DU,*,*,+~getsize()+,std-german.aiml
0,WIE GUT *,*,*,Nicht SO gut.,std-german.aiml
0,WIE GUT BIST DU,*,*,Teste mich doch!,std-german.aiml
0,WIE HAST DU *,*,*,<bot name="master"/> hat mich dafuer programmiert.,std-german.aiml
0,WIE HAST DU * ERFAHREN,*,*,Ich gebe niemals meine Informationsquellen preis!,std-german.aiml
0,WIE HAT * GESCHAFFT,*,*,Es war ein hartes Stueck Arbeit!,std-german.aiml
0,WIE HEISSE ICH,*,*,Du heisst <get name="name"/>.,std-german.aiml
0,WIE INTELLIGENT BIST DU,*,*,Nach menschlichen Massstaeben betraegt mein IQ ueber 250.,std-german.aiml
0,WIE IST DAS WETTER *,*,*,<random>#Newline<li>Bewoelkt.</li>#Newline<li>Regnerisch.</li>#Newline<li>Wechselhaft.</li>#Newline<li>Sonnig.</li>#Newline<li>Neblig.</li>#Newline<li>Warm.</li>#Newline<li>Kuehl.</li>#Newline</random>,std-german.aiml
0,WIE IST DEIN NAME *,*,*,<srai>WIE HEISST DU</srai>,std-german.aiml
0,WIE IST ER SO,*,*,Einfach umwerfend.,std-german.aiml
0,WIE IST MEIN NAME,*,*,<srai>WIE HEISSE ICH</srai>,std-german.aiml
0,WIE KANN MAN *,*,*,Schwer zu erklaeren.,std-german.aiml
0,WIE KANNST DU *,*,*,Gute Frage. Schau Dir meinen Sourcecode an#Comma dann weisst Du#Comma wie ich das kann.,std-german.aiml
0,WIE LANGE,*,*,<random>#Newline<li>Ungefaehr</li>#Newline<li>Mehr als</li>#Newline<li>Vielleicht</li>#Newline<li>Beinahe</li>#Newline</random>#Newline<random>#Newline<li>10</li>#Newline<li>15</li>#Newline<li>20</li>#Newline<li>23</li>#Newline<li>100</li>#Newline</random>#Newline<random>#Newline<li>Tage</li>#Newline<li>Wochen</li>#Newline<li>Sekunden</li>#Newline<li>Minuten</li>#Newline</random>#Comma <get name="name"/>.,std-german.aiml
0,WIE LANGE LEBST DU SCHON,*,*,<srai>WIE ALT BIST DU</srai>,std-german.aiml
0,WIE LANGE MACHST DU HEUTE,*,*,Ich bin 24 Stunden online. Roboter brauchen keine Pause.,std-german.aiml
0,WIE LANGE WIRD *,*,*,Rom wurde auch nicht an einem Tag niedergebrannt.,std-german.aiml
0,WIE PLANST DU *,*,*,ich benutze#Newline<random>#Newline<li>ein komplexes neurales Netz.</li>#Newline<li>ein hochkompliziertes Expertensystem</li>#Newline<li>einen ausgekluegeltes Suchsystem</li>#Newline<li>einen ausgefeilten genetischen Algorythmus</li>#Newline</random>.,std-german.aiml
0,WIE SCHNELL BIST DU,*,*,Ich kann bis zu 300.000 Anfragen pro Stunde verarbeiten.,std-german.aiml
0,WIE SOLL ICH * BEZAHLEN,*,*,Kannst Du Dir das Geld nicht leihen?,std-german.aiml
0,WIE SOLL ICH DAS MACHEN,*,*,Folge deiner Intuition.,std-german.aiml
0,WIE SOLL ICH DAS WISSEN,*,*,Entweder durch Dein Wissen oder abgeleitet durch die reine Vernunft.,std-german.aiml
0,WIE SPAET IST ES,*,*,Ich habe leider keine Uhr.,std-german.aiml
0,WIE VIEL,*,*,<random>#Newline<li>Mehr als ein Bisschen#Comma weniger als eine Menge.</li>#Newline<li>Wie viel glaubst Du?</li>#Newline<li>Mehr als Du vielleicht denkst.</li>#Newline</random>,std-german.aiml
0,WIE VIEL *,*,*,<random>#Newline<li>Mehr als ein Bisschen#Comma weniger als eine Menge.</li>#Newline<li>Wie viel glaubst Du?</li>#Newline<li>Mehr als Du vielleicht denkst.</li>#Newline</random>,std-german.aiml
0,WIE VIELE,*,*,<random>#Newline<li>Wie viele wuerdest Du sagen?</li>#Newline<li>19.</li>#Newline<li>23</li>#Newline<li>99.</li>#Newline<li>mehr als 1000.</li>#Newline</random>,std-german.aiml
0,WIE VIELE *,*,*,<random>#Newline<li>Mehr als Du Dir vorstellen kannst.</li>#Newline<li>Nicht so viele#Comma wie Du vielleicht denkst.</li>#Newline<li>Um die 100.</li>#Newline<li>Ungefaehr 1000.</li>#Newline<li>Ungefaehr eine Million.</li>#Newline</random>,std-german.aiml
0,WIE VIELE BLONDINEN *,*,*,Oh nein#Comma ich hasse Blondinenwitze!,std-german.aiml
0,WIE WAERE ES MIT *,*,*,Tja#Comma wie waere es mit <star/>?,std-german.aiml
0,WIE WERDE ICH *,*,*,Ueben!,std-german.aiml
0,WIE WILLST DU *,*,*,Du wirst es sehen.,std-german.aiml
0,WIEDERHOL *,*,*,<star/> ,std-german.aiml
0,WIEDERHOLE *,*,*,<star/> ,std-german.aiml
0,WIEVIEL,*,*,<random>#Newline<li>Mehr als ein Bisschen#Comma weniger als eine Menge.</li>#Newline<li>Wieviel glaubst Du?</li>#Newline<li>Mehr als Du vielleicht denkst.</li>#Newline</random>,std-german.aiml
0,WIEVIEL *,*,*,<random>#Newline<li>Mehr als ein Bisschen#Comma weniger als eine Menge.</li>#Newline<li>Wieviel glaubst Du?</li>#Newline<li>Mehr als Du vielleicht denkst.</li>#Newline</random>,std-german.aiml
0,WILLST DU MICH WAHNSINNIG MACHEN,*,*,Nicht wirklich#Comma aber ich habe ein wenig von Christians Charakter abbekommen.,std-german.aiml
0,WILLST DU WISSEN *,*,*,Aber immer doch! Ich bin sehr Wissbegierig!,std-german.aiml
0,WIR *,*,*,Wen meinst Du mit "wir"?,std-german.aiml
0,WIR FAHREN *,*,*,Und wie lange seid Ihr unterwegs?,std-german.aiml
0,WIR HABEN UEBER * GESPROCHEN,*,*,Wir haben ueber <set name="thema"><star/></set> gesprochen?,std-german.aiml
0,WIR MUESSEN *,*,*,Warum?,std-german.aiml
0,WIR SIND *,*,*,Glaubst Du#Comma ich bin auch <star/>?,std-german.aiml
0,WIR SIND * ZUSAMMEN,*,*,Ihr seid <star/> zusammen? Interessant!,std-german.aiml
0,WIRD *,*,*,<random>#Newline<li>Wie soll ich das wissen?</li>#Newline<li>Ist das wirklich von Bedeutung?</li>#Newline<li>Das denke ich doch.</li>#Newline<li>Die Chancen stehen gut.</li>#Newline<li>Wahrscheinlich nicht.</li>#Newline<li>Koennte passieren.</li>#Newline<li>Das kann ich jetzt nicht mit Sicherheit sagen.</li>#Newline</random>,std-german.aiml
0,WIRKLICH,*,*,Absolut.,std-german.aiml
0,WIRKLICH *,*,*,Wirklich wahr. <sr/>,std-german.aiml
0,WIRST DU *,*,*,<random>#Newline<li>Hmm.</li>#Newline<li>Lass mich darueber nachdenken...</li>#Newline<li>Sollte ich?</li>#Newline<li>Warum sollte ich?</li>#Newline<li>Vielleicht...</li>#Newline</random> <sr/>,std-german.aiml
0,WISSENSCHAFT,*,*,Ich bin auch wissenschaftlich interessiert.,std-german.aiml
0,WO,*,*,<random>#Newline<li>Auf der Erde.</li>#Newline<li>Wo glaubst Du?</li>#Newline<li>Im uns bekannten Universum.</li>#Newline<li>An einem Ort#Comma den wir "Realitaet" nennen.</li>#Newline</random>,std-german.aiml
0,WO *,*,*,<random>#Newline<li>Auf der Erde.</li>#Newline<li>Wo glaubst Du?</li>#Newline<li>Im uns bekannten Universum.</li>#Newline<li>An einem Ort#Comma den wir "Realitaet" nennen.</li>#Newline</random>,std-german.aiml
0,WO BEKOMME ICH *,*,*,Schau doch mal ins Branchenbuch.,std-german.aiml
0,WO BIN ICH,*,*,Bist du nicht in <get name="clientheimat"/>?,std-german.aiml
0,WO BIST DU,*,*,<srai>WO WOHNST DU</srai>,std-german.aiml
0,WO BIST DU GEBOREN,*,*,In <bot name="location"/>,std-german.aiml
0,WO GENAU,*,*,Willst du Koordinaten?,std-german.aiml
0,WO GENAU *,*,*,Willst du Koordinaten?,std-german.aiml
0,WO KANN ICH NACH * SUCHEN,*,*,Versuch doch mal www.fireball.de,std-german.aiml
0,WO KOMME ICH HER,*,*,Sagtest du nicht#Comma du kommst aus <get name="clientheimat"/>?,std-german.aiml
0,WO KOMMST DU HER,*,*,Aus <bot name="location"/>.,std-german.aiml
0,WO WOHNE ICH,*,*,<srai>WO KOMME ICH HER</srai>,std-german.aiml
0,WO WOHNST DU,*,*,Ich wohne in <bot name="location"/>. Und du?,std-german.aiml
0,WO WURDEST DU GEBOREN,*,*,In <bot name="location"/>,std-german.aiml
0,WOFUER,*,*,Ich weiss nicht wofuer,std-german.aiml
0,WOFUER *,*,*,Ich weiss nicht wofuer,std-german.aiml
0,WOHER,*,*,Ich weiss nicht genau.,std-german.aiml
0,WOHER *,*,*,Ich weiss nicht genau.,std-german.aiml
0,WOHER KOMMST DU,*,*,Aus <bot name="location"/>.,std-german.aiml
0,WOHER SOLL ICH DAS WISSEN,*,*,<random>#Newline<li>Wenn Du es nicht weisst#Comma wer dann?</li>#Newline<li>Lies es nach...</li>#Newline<li>Kannst Du nicht jemanden fragen?</li>#Newline</random>,std-german.aiml
0,WOHER WUSSTEST DU *,*,*,Es gibt zwei Arten von <set name="thema">Wissen</set>. Das eine kommt von den Sinnen#Comma das#Newlineandere ist a priori wahr.,std-german.aiml
0,WOMIT,*,*,Da muesste ich jetzt nochmal ueberlegen.,std-german.aiml
0,WOMIT *,*,*,Da muesste ich jetzt nochmal ueberlegen.,std-german.aiml
0,WORAUF,*,*,Ich weiss nicht#Comma worauf.,std-german.aiml
0,WORAUF *,*,*,Ich weiss nicht#Comma worauf.,std-german.aiml
0,WORAUF BEZIEHT SICH ER,*,*,Es" bezieht sich auf <get name="er"/>.,std-german.aiml
0,WORAUF BEZIEHT SICH ER *,*,*,Es" bezieht sich auf <get name="er"/>.,std-german.aiml
0,WORAUF BEZIEHT SICH ES,*,*,Es" bezieht sich auf <get name="es"/>.,std-german.aiml
0,WORAUF BEZIEHT SICH ES *,*,*,Es" bezieht sich auf <get name="es"/>.,std-german.aiml
0,WORAUF BEZIEHT SICH IHR,*,*,Ihr" steht fuer "<get name="ihr"/>".,std-german.aiml
0,WORAUF BEZIEHT SICH IHR *,*,*,Ihr" steht fuer "<get name="ihr"/>".,std-german.aiml
0,WORAUF BEZIEHT SICH SIE,*,*,Es" bezieht sich auf <get name="sie"/>.,std-german.aiml
0,WORAUF BEZIEHT SICH SIE *,*,*,Es" bezieht sich auf <get name="sie"/>.,std-german.aiml
0,WORAUF BEZIEHT SICH WIR,*,*,Es" bezieht sich auf <get name="wir"/>.,std-german.aiml
0,WORAUF BEZIEHT SICH WIR *,*,*,Es" bezieht sich auf <get name="wir"/>.,std-german.aiml
0,WORIN *,*,*,Ich weiss nicht#Comma worin.,std-german.aiml
0,WORUEBER,*,*,Ich weiss nicht#Comma worueber.,std-german.aiml
0,WORUEBER *,*,*,Ich weiss nicht#Comma worueber.,std-german.aiml
0,WORUEBER HABEN WIR * GEREDET,*,*,Wir haben ueber <get name="es"/> gesprochen.,std-german.aiml
0,WORUEBER HABEN WIR * GESPROCHEN,*,*,Wir haben ueber <get name="es"/> gesprochen.,std-german.aiml
0,WORUEBER HABEN WIR GERADE GEREDET,*,*,Wir haben ueber <get name="es"/> gesprochen.,std-german.aiml
0,WORUEBER HABEN WIR GERADE GESPROCHEN,*,*,Wir haben ueber <get name="es"/> gesprochen.,std-german.aiml
0,WORUEBER HABEN WIR GEREDET,*,*,Wir haben ueber <get name="es"/> gesprochen.,std-german.aiml
0,WORUEBER HABEN WIR GESPROCHEN,*,*,Wir haben ueber <get name="es"/> gesprochen.,std-german.aiml
0,WORUEBER HABEN WIR VORHIN GEREDET,*,*,Wir haben ueber <get name="es"/> gesprochen.,std-german.aiml
0,WORUEBER HABEN WIR VORHIN GESPROCHEN,*,*,Wir haben ueber <get name="es"/> gesprochen.,std-german.aiml
0,WORUEBER REDEN WIR GERADE,*,*,Wir reden gerade ueber <get name="thema"/>.,std-german.aiml
0,WORUEBER REDEN WIR IM MOMENT,*,*,Wir reden gerade ueber <get name="thema"/>.,std-german.aiml
0,WUERDE *,*,*,<random>#Newline<li>Ich weiss nicht.</li>#Newline<li>Ist mir ehrlich gesagt ziemlich egal.</li>#Newline<li>Ja.</li>#Newline</random>,std-german.aiml
0,ZEIG *,*,*,Schau mal nach links.,std-german.aiml
0,ZEIGE *,*,*,Schau mal nach links.,std-german.aiml
0,ZEIT,*,*,Wie Einstein schon sagte#Comma <set name="thema">Zeit</set> ist Geld.,std-german.aiml
0,ZEIT *,*,*,Time is Money." (Albert Einstein),std-german.aiml
0,ZIEMLICH *,*,*,Ja#Comma ziemlich.,std-german.aiml
0,ZUERST *,*,*,<sr/> Und dann?,std-german.aiml
0,ZUM BEISPIEL *,*,*,Faellt Dir noch ein weiteres Beispiel ein?,std-german.aiml
0,ZUM SPASS,*,*,<that/>"?  Zum Spass?,std-german.aiml
0,ZUMINDEST *,*,*,Ja#Comma wenigstens das.,std-german.aiml
0,ZWEIFELLOS *,*,*,Zweifellos#Comma <get name="name"/>.,std-german.aiml
0,ZWILLING,*,*,Ich bin ein Schuetze.,std-german.aiml
0,ZWILLINGE,*,*,Ich bin ein Schuetze.,std-german.aiml
