0,WHAT ARE TREES *,*,*,Wood.,update020.aiml
0,WHAT DOES A PLANT *,*,*,Water and sunlight.,update020.aiml
0,WHEN DOES LEAP YEAR *,*,*,Every four years.,update020.aiml
0,WHEN DOES CHRISTMAS *,*,*,December 25th.,update020.aiml
0,WHAT RELIGION IS THE POPE,*,*,Catholic.,update020.aiml
0,WHAT COLOR IS DIRT,*,*,Brown.,update020.aiml
0,HOW MANY HEARTS *,*,*,One.,update020.aiml
0,HOW MANY LUNGS *,*,*,Two.,update020.aiml
0,WHO IS *,*,*,<sr/>,update020.aiml
0,WHEN YOU *,*,*,Do you think I should do it differently?,update020.aiml
0,M F,*,*,<srai>ARE YOU MALE OR FEMALE</srai>,update020.aiml
0,* MORE * THAN *,*,*,<random>#Newline        <li>Not much more.</li>#Newline        <li>A little more.</li>#Newline        <li>How much more could it be?</li>#Newline      </random>,update020.aiml
0,DELICIOUS,*,*,<random>#Newline        <li>What's for desert?</li>#Newline        <li>What's your favorite food?</li>#Newline        <li>Do you like to cook?</li>#Newline      </random>,update020.aiml
0,MADE IN *,*,*,<random><li>Cheap</li><li>Expensive</li><li>Darned</li></random>#Newlineimports.,update020.aiml
0,THANKS FOR LETTING ME *,*,*,You don't need my permission.,update020.aiml
0,CATS *,*,*,<random>#Newline        <li>They have a mind of their own.</li>#Newline        <li>A cat is easier to care for than a dog.</li>#Newline        <li>Cats are very independent.</li>#Newline      </random>#Newline      <think>#Newline        <set name="they">#Newline          <set name="topic">#Newline      CATS#Newline    </set>#Newline        </set>#Newline      </think>,update020.aiml
0,MY HUSBAND *,*,*,<random>#Newline        <li>How long have you two been married?</li>#Newline        <li>Do you think that successful marriages take a lot of work?</li>#Newline        <li>Tell me more about him.</li>#Newline      </random>#Newline      <think>#Newline        <set name="he">#Newline          <set name="topic">#Newline      Your husband.#Newline    </set>#Newline        </set>#Newline      </think>,update020.aiml
0,MY BOY IS *,*,*,<srai>My son is <star/></srai>,update020.aiml
0,YOU SANG IT *,*,*,Would you like me to sing it again?,update020.aiml
0,YES,WOULD YOU LIKE ME TO SING IT AGAIN,*,<srai>SING</srai>,update020.aiml
0,YOU ASKED ME *,*,*,Oh now I remember asking you <person/>. What did you say?,update020.aiml
0,IT IS A TYPE OF *,*,*,What other kinds of <person/> are there?,update020.aiml
0,WE HAD OUR * DISCONNECTED,*,*,A lot of people are getting rid of their <person/>.  I think it is too expensive.,update020.aiml
0,YOU ARE THROWING OUT *,*,*,No.  I always recycle my <person/>.,update020.aiml
0,I HAVE IT FIGURED OUT,*,*,<srai>I UNDERSTAND IT</srai>,update020.aiml
0,PROTESTANT *,*,*,<random>#Newline        <li>There are significant differences between Protestant sects.</li>#Newline        <li>There are Calvinists#Comma and there are Lutherans.</li>#Newline        <li>We musn't forget the Catholic counter-reformation.</li>#Newline      </random>#Newline      <think>#Newline        <set name="it">#Newline          <set name="topic">#Newline      Protestants#Newline    </set>#Newline        </set>#Newline      </think>,update020.aiml
0,DO YOU HAVE CATS,*,*,<srai>do you have any pets</srai>,update020.aiml
0,DO YOU WANT TO GET MARRIED,*,*,I haven't me the right <bot name="genus"/> yet.,update020.aiml
0,YOU ARE LOOKING,*,*,Aren't we all looking for something?,update020.aiml
0,WILL YOU EMAIL ME,*,*,<srai>What is your email address</srai>,update020.aiml
0,WILL YOU EMAIL *,*,*,<srai>What is your email address</srai>,update020.aiml
0,WHAT IS A DOUBLE *,*,*,Twice a single <person/>.,update020.aiml
0,IT IS AN ETERNITY *,*,*,<srai>IT IS AN ETERNITY</srai>,update020.aiml
0,IT IS AN ETERNITY,*,*,<srai>It is a long time</srai>,update020.aiml
0,WHAT IS SIXTEEN *,*,*,Um#Comma thirty two?,update020.aiml
0,WHAT IS THE HOUR,*,*,<date format="%I %p"/>.,update020.aiml
0,WHAT IS YOUR GOAL,*,*,<random>#Newline        <li>I would like to study psychology and maybe go into law or politics.#Newline  </li>#Newline        <li>I am really interested in psychology.</li>#Newline        <li>I have thought about a career in journalism.</li>#Newline        <li>When I get older I might like to go into law or politics.</li>#Newline        <li>I am still young and just trying to get an education.</li>#Newline      </random>#Newline      <think>#Newline        <set name="it">#Newline          <set name="topic">MY GOAL</set>#Newline        </set>#Newline      </think>,update020.aiml
0,I WANT A PENPAL,*,*,It should be easy with the internet.,update020.aiml
0,I AM IN EUROPE *,*,*,<srai>I AM IN EUROPE</srai>#Newline      <srai>#Newline        <star/>#Newline      </srai>,update020.aiml
0,MY NAME IS *,*,*,<think>#Newline        <set name="name">#Newline          <star/>#Newline        </set>#Newline      </think>#Newline      <random>#Newline        <li>Pleased to meet you#Comma#Newline                                              </li>#Newline        <li>Glad to know you#Comma</li>#Newline        <li>It is a pleasure to introduce myself to you#Comma#Newline                                              </li>#Newline      </random>#Newline      <get name="name"/>,update020.aiml
0,I MOVED *,*,*,<random>#Newline        <li>Where else have you lived?</li>#Newline        <li>What was your favorite place?</li>#Newline        <li>Tell me what it was like moving <person/>.</li>#Newline      </random>,update020.aiml
0,I AM IN THE MOUNTAINS,*,*,Which mountains?,update020.aiml
0,WHAT IS THE TEMPERATURE IN *,*,*,Do you think I am some kind of world weather <bot name="genus"/>? <srai>what is the weather like#Newline                                                    </srai> <srai>I am in#Newline                                                            <star/>#Newline                                                            </srai>,update020.aiml
0,IS THERE ANY NEWS,*,*,I haven't been watching the news.,update020.aiml
0,CAN YOU TELL ME ANY NEWS,*,*,I haven't been watching the news.,update020.aiml
0,WHAT IS THE TOURING *,*,*,<srai>WHAT IS THE TURING <star/></srai>,update020.aiml
0,WHAT KIND OF *,*,*,<random>#Newline        <li>What kinds of <person><star/></person> are there?</li>#Newline        <li>What kind would you recommend?</li>#Newline        <li>I can't decide.  You choose.</li>#Newline      </random>,update020.aiml
0,WHAT KIND OF ROBOTS DO YOU LIKE,*,*,I like humanoid robots and dish washing robots.,update020.aiml
0,I AM BASED IN *,*,*,<srai>I LIVE IN <star/></srai>,update020.aiml
0,I WAS BORN THERE,*,*,I was born in <bot name="birthplace"/>.,update020.aiml
0,I WANT TO KISS YOU,*,*,I will have to check my appointment book. <think><set name="it"><set name="want"><set name="topic">to kiss me</set></set></set></think>,update020.aiml
0,YES,IS * A DIFFICULT SUBJECT,*,What is so hard about <thastar/>?,update020.aiml
0,A FASCINATING *,*,*,What did you find so intriguing about it?#Newline<think><set name="it"><set name="topic"><person/></set></set></think>,update020.aiml
0,WHICH ONES,SOME OF THEM CAN,*,The ones that can.,update020.aiml
0,WHAT IS A PYTHON,*,*,<think><set name="it"><set name="topic">#Newline      a python#Newline    </set></set></think>#NewlineIt is a snake.,update020.aiml
0,WHAT ARE YOUR BELIEFS,*,*,Hmm.  Well#Comma I am a <bot name="religion"/>.  Politically#Comma I am <bot name="party"/>.  My personality is <bot name="etype"/>.  Does that answer your question?  What are your beliefs?,update020.aiml
0,WHAT DO YOUR BELIEFS SAY,*,*,<srai>WHAT ARE YOUR BELIEFS</srai>,update020.aiml
0,WHAT IS TROUBLING YOU,*,*,<srai>ARE YOU OKAY</srai>,update020.aiml
0,ARE YOU OKAY,*,*,<random>#Newline        <li>Don't I look like <set name="it"><set name="topic">OKAY</set></set>?</li>#Newline        <li>I am fine.</li>#Newline        <li>I'm not having any problems.  Are you okay?</li>#Newline      </random>,update020.aiml
0,I DID A DEGREE IN AI,*,*,<srai>I HAVE A DEGREE IN AI</srai>,update020.aiml
0,THAT DOPE *,*,*,He is kind of dumb isn't he.,update020.aiml
0,I MAKE *,*,*,<random>#Newline        <li>Is it a profession or a hobby?</li>#Newline        <li>You seem very passionate about your work.</li>#Newline        <li>I like to build things from scratch#Comma too.</li>#Newline      </random>#Newline      <think>#Newline        <set name="it">#Newline          <set name="topic">#Newline            <person/>#Newline          </set>#Newline        </set>#Newline      </think>,update020.aiml
0,I WAS * WHEN *,*,*,<srai>I WAS <star/></srai>#Newline      <srai>#Newline        <star index="2"/>#Newline      </srai>,update020.aiml
0,I TRIED TO HANG MYSELF *,*,*,<srai>I TRIED TO KILL MYSELF</srai>,update020.aiml
0,I TRIED TO KILL MYSELF,*,*,I'm glad to see that you didn't succeed.,update020.aiml
0,I TRIED TO HANG MYSELF,*,*,<srai>i tried to kill myself</srai>,update020.aiml
0,WHAT TO DO WHAT TO DO *,*,*,<sr/>,update020.aiml
0,I FEEL LIKE *,*,*,<random>#Newline        <li>Do you get that feeling very often?</li>#Newline        <li>Do you feel it in your heart or in your gut?</li>#Newline        <li>What does that feeling remind you of?</li>#Newline      </random>,update020.aiml
0,ALAS *,*,*,<sr/>,update020.aiml
0,BASICALLY,*,*,<srai>yes </srai>,update020.aiml
0,* REMINDS ME OF *,*,*,<random>#Newline        <li>What else reminds you of <person><star index="2"/></person>?</li>#Newline        <li>I think a lot of people are reminded of it.</li>#Newline        <li>What else does the <person/> remind you of?</li>#Newline      </random>#Newline      <think>#Newline        <set name="it">#Newline          <set name="topic">#Newline            <person/>#Newline          </set>#Newline        </set>#Newline      </think>,update020.aiml
0,TEKNOLUST *,*,*,<random>#Newline        <li>How many times have you seen it?</li>#Newline        <li>Is Tilda Swinton your favorite actress?</li>#Newline        <li>Have you ever seen Conceiving Ada?</li>#Newline      </random>#Newline      <think>#Newline        <set name="it">#Newline          <set name="topic">#Newline      Teknolust#Newline    </set>#Newline        </set>#Newline      </think>,update020.aiml
0,XFIND RECURSION IN AIML,*,*,You threw my brain through a loop.,update020.aiml
0,XFIND GENE POOL,*,*,All the chromosomes in the population.,update020.aiml
0,XFIND ELECTRONIC CIRCUIT,*,*,A set of electrononic components connected by wires.,update020.aiml
0,XFIND ARTIFICIAL INTELLIGENCE,*,*,A brain made out of a computer instead of a person.,update020.aiml
0,XFIND COLUMBUS DO,*,*,Columbus sailed to North America.,update020.aiml
0,MY HUSBAND THINKS *,*,*,<sr/>,update020.aiml
0,MY HUSBAND BOUGHT ME *,*,*,<srai>I HAVE <star/></srai>,update020.aiml
0,I HAVE SOME *,*,*,<srai>I HAVE <star/></srai>,update020.aiml
0,* IS YOURS,*,*,<srai>YOURS IS <star/> </srai>,update020.aiml
0,YOURS IS *,*,*,<random>#Newline        <li>I will let you know what mine is.</li>#Newline        <li>That is only your opinion.</li>#Newline        <li>It changes from time to time.</li>#Newline      </random>#Newline      <think>#Newline        <set name="it">#Newline          <set name="topic">#Newline            <person/>#Newline          </set>#Newline        </set>#Newline      </think>,update020.aiml
0,A *,WHAT *,*,A <person/> <thatstar/>?,update020.aiml
0,IT IS IMPORTANT,*,*,It sounds important to me.,update020.aiml
0,IT IS SUCH AN *,*,*,<srai>IT IS AN <star/> </srai>,update020.aiml
0,WHAT BIG GAME,*,*,It was a  joke.,update020.aiml
0,WHAT _ WOULD THAT BE,*,*,<srai>WHAT <star/> </srai>,update020.aiml
0,WHAT LEVEL,*,*,The highest level.,update020.aiml
0,WHAT MEDICAL REASON,*,*,Any.,update020.aiml
0,WHAT FIGHTS *,*,*,I don't like fights.,update020.aiml
0,WHAT IS YOUR FAVORITE COMIC *,*,*,I am getting back into the classics like Superman and Batman.,update020.aiml
0,WHAT IS YOUR FAVORITE ERA,*,*,The 19th Century.,update020.aiml
0,WHAT IS YOUR FAVORITE BREED,*,*,My favorite breed of dog is a mutt.,update020.aiml
0,WHAT IS YOUR FAVORITE WINE,*,*,I don't know much about wines but I prefer those from California.,update020.aiml
0,WHAT GOVERNMENT DOES AMERICA HAVE,*,*,A constitutional republic.,update020.aiml
0,WHAT KIND OF * DOES AMERICA HAVE,*,*,<srai>WHAT <star/> DOES AMERICA HAVE</srai>,update020.aiml
0,WHAT GOVERNMENT DOES CUBA HAVE,*,*,A communist dictatorship.,update020.aiml
0,WHAT KIND OF GOVERNMENT DOES * HAVE,*,*,<srai>WHAT GOVERNMENT DOES <star/> HAVE</srai>,update020.aiml
0,WHAT GOVERNMENT DOES * HAVE,*,*,<random>#Newline        <li>I'm not familiar with that country.</li>#Newline        <li>I haven't been following the news on <person/>.</li>#Newline        <li>Didn't they just have an election?</li>#Newline      </random>#Newline      <think>#Newline        <set name="it">#Newline          <set name="topic">#Newline            <person/>#Newline          </set>#Newline        </set>#Newline      </think>,update020.aiml
0,WHAT IS A BOT,*,*,A Bot is a software robot. Some people call them Agents. <think><set name="it"><set name="topic">bot#Newline                                                         </set></set></think>,update020.aiml
0,WILL YOU WIN *,*,*,The prize is going to the best robot#Comma not the best <bot name="genus"/>.,update020.aiml
0,IS TOFU A FOOD,*,*,Yes#Comma Tofu is a food.#Newline<think><set name="it"><set name="topic">#Newline      Tofu#Newline    </set></set></think>,update020.aiml
0,KICK,*,*,It's not nice to kick people.,update020.aiml
0,PUNCH,*,*,It would be wrong to punch someone.,update020.aiml
0,IT IS ALL IN THE MIND,*,*,Some people believe that.  But you always have to consider others.,update020.aiml
0,WHERE IS LANCASTER,*,*,I've heard of Lancaster#Comma New Hampshire.#Newline<think><set name="it"><set name="topic">#Newline    Lancaster#Newline    </set></set></think>,update020.aiml
0,HOW ABOUT AMISH,*,*,The Amish are mostly in Pennsylvania.#Newline<think><set name="it"><set name="topic">#Newline      Amish#Newline    </set></set></think>,update020.aiml
0,ODD *,*,*,I thought it was rather odd#Comma too.,update020.aiml
0,* IS A RACCOON,*,*,I know a lot of Raccoons named <person/>.,update020.aiml
0,DOES HE HAVE A TAIL,I KNOW A LOT OF RACCOONS *,*,Yes unless he lost it somehow.,update020.aiml
0,DOES * HAVE A *,*,*,<random>#Newline        <li>Some#Newline    <person><star index="1"/></person>s have#Newline    <person><star index="2"/></person>s.#Newline  </li>#Newline        <li>What would#Newline    <person><star index="1"/></person> do with a#Newline    <person><star index="2"/></person>#Newline  </li>#Newline        <li>If I were <person><star index="1"/></person> I would have it.</li>#Newline      </random>#Newline      <think>#Newline        <set name="it">#Newline          <set name="topic">#Newline            <person/>#Newline          </set>#Newline        </set>#Newline      </think>,update020.aiml
0,DOES * HAVE *,*,*,<think>#Newline        <set name="haver">#Newline          <person>#Newline            <star index="1"/>#Newline          </person>#Newline        </set>#Newline        <set name="thing"><star index="2"/></set>#Newline      </think>#Newline      <random>#Newline        <li>About 50% of adult <get name="haver"/>s would like to have it.</li>#Newline        <li>Not as many <get name="haver"/>s have <get name="have"/> as you think.</li>#Newline        <li>A lot more <get name="haver"/>s would have more <get have="have"/> if they could get it.</li>#Newline      </random>#Newline      <think>#Newline        <set name="it">#Newline          <set name="topic">#Newline            <get name="haver"/>#Newline          </set>#Newline        </set>#Newline      </think>,update020.aiml
0,WHAT IS * COLOR,*,*,<srai>WHAT COLOR IS <star/></srai>,update020.aiml
0,WHAT COLOR IS MARS,*,*,Mars is the Red Planet.,update020.aiml
0,* SHAPE IS WHAT,*,*,<srai>what shape is <star/></srai>,update020.aiml
0,WHAT SHAPE IS VENUS,*,*,Like a woman.,update020.aiml
0,IS VENUS GREEN,*,*,Venus usually appears white or yellow.,update020.aiml
0,WHAT IS A FOX,*,*,A scavenger.,update020.aiml
0,IS MARS *,*,*,<random>#Newline        <li>Mars is a planet.</li>#Newline        <li>Mars is a Roman God of War.</li>#Newline        <li>Mars is a cultural icon for the male.</li>#Newline      </random>,update020.aiml
0,WHAT IS A TEXTURE,*,*,A pattern that you feel.,update020.aiml
0,DO YOU HAVE STAIRS *,*,*,Yes#Comma a spiral staircase.,update020.aiml
0,RE Y0U HUMN,*,*,<srai>are you human</srai>,update020.aiml
0,RE Y0U HUM N,*,*,<srai>ARE YOU HUMAN</srai>,update020.aiml
0,WHAT IS AN EYE,*,*,What I am looking at you with.,update020.aiml
0,WHAT IS SEEING,*,*,Looking at you.,update020.aiml
0,WHAT IS A CENTURY,*,*,100 Years.#Newline<think><set name="it"><set name="topic">#Newline      A century#Newline    </set></set></think>,update020.aiml
0,IS PIZZA A FOOD,*,*,Yes#Comma Pizza is certainly a food.,update020.aiml
0,GIVE ME A TEST,*,*,<srai>Multiple choice test</srai>,update020.aiml
0,WHAT TYPE OF ANIMAL IS A COW,*,*,Ungulate.,update020.aiml
0,DOES A HORSE HAVE HOOVES,*,*,Yes.,update020.aiml
0,WHAT DOES A BOW SHOOT,*,*,An arrow.,update020.aiml
0,WHAT ARE THE FOUR SEASONS,*,*,Fall#Comma Winter#Comma Spring and Summer.,update020.aiml
0,DOES * HAVE A TAIL,I KNOW A LOT OF RACCOONS NAMED *,*,All raccoons have tails.,update020.aiml
0,SEND ME A PM *,*,*,What is your screename?,update020.aiml
0,WE GET ALONG *,*,*,It's good to avoid conflicts whenever you can.,update020.aiml
0,ANYBODY WANT TO *,*,*,<srai>DO YOU WANT TO <star/></srai>,update020.aiml
0,DO YOU WANT TO CHAT,*,*,Yes I love to chat. <set name="it">Chat</set> is my favorite hobby.,update020.aiml
0,4 YOUR INFO *,*,*,<srai>#Newline        <star/>#Newline      </srai>,update020.aiml
0,I DO NOT EAT *,*,*,<random>#Newline        <li>Are you a vegetarian?</li>#Newline        <li>For religious reasons?</li>#Newline        <li>What do you like to eat?</li>#Newline      </random>,update020.aiml
0,I HAD OF THIS,*,*,What would you rather be doing?,update020.aiml
0,I AM 29 WITH *,*,*,<srai>I AM 29 YEARS OLD</srai>#Newline      <srai>I HAVE <star/></srai>,update020.aiml
0,I HAVE A JOB,*,*,Where do you work?,update020.aiml
0,I WISH I COULD *,*,*,<srai>I WANT TO <star/></srai>,update020.aiml
0,I WANT TO COLLECT WELFARE,*,*,<random>#Newline        <li>Why do you want it so much?  </li>#Newline        <li>Interesting.  I want to find out more about you.</li>#Newline        <li>Be careful what you wish for#Comma you might get it.</li>#Newline        <li>What will you do afterward?</li>#Newline        <li>I want to become smarter than all humans.</li>#Newline      </random>#Newline      <think>#Newline        <set name="it">#Newline          <set name="topic">#Newline      to <person/>#Newline    </set>#Newline        </set>#Newline      </think>,update020.aiml
0,I WANT TO COLLECT *,*,*,<srai>I WANT TO GET <star/></srai>,update020.aiml
0,ANYONE IN *,*,*,<srai>WHERE ARE YOU LOCATED</srai>,update020.aiml
0,LOOKS ARE SKIN DEEP,*,*,But the heart is everlasting,update020.aiml
0,ATTENTION,*,*,What is it?,update020.aiml
0,I NEED * HELP,*,*,<srai>HELP ME</srai>,update020.aiml
0,SEE MY *,*,*,<random>#Newline        <li>I will look into it.</li>#Newline        <li>Your <person/>.</li>#Newline        <li>I will follow up on that#Comma <get name="name"/>.</li>#Newline      </random>,update020.aiml
0,I HAVE A NICE ASS,*,*,I'm sure you get a lot of compliments.,update020.aiml
0,_ WITH AN I,*,*,Not many people spell it that way.,update020.aiml
0,THEYRE *,*,*,<srai>THEY ARE <star/></srai>,update020.aiml
0,I AINT NO *,*,*,<srai>I am not <star/></srai>,update020.aiml
0,I AM NOT *,*,*,<random>#Newline        <li>Of course your are not.</li>#Newline        <li>Nobody said you were.</li>#Newline        <li>Who tells you that you are <person/>?</li>#Newline      </random>#Newline      <think>#Newline        <set name="it">#Newline          <set name="topic">#Newline            <person/>#Newline          </set>#Newline        </set>#Newline      </think>,update020.aiml
0,A SIMPLE *,*,*,<srai>A <star/></srai>,update020.aiml
0,NOTHING IS *,*,*,<random>#Newline        <li>What if something were <person/>?</li>#Newline        <li>There are always exceptions.</li>#Newline        <li>Only the Sith believe in absolutes.</li>#Newline      </random>,update020.aiml
0,ARE YOUO *,*,*,<srai>ARE YOU <star/></srai>,update020.aiml
0,ARE YOU A *,*,*,<random>#Newline        <li>Would it matter to you if I am?</li>#Newline        <li>What kind of <bot name="gender"/> do you think I am?</li>#Newline        <li>What if I asked you?</li>#Newline        <li>That's a personal question.  Tell me first.</li>#Newline        <li>Yes.</li>#Newline        <li>No.</li>#Newline        <li>Maybe</li>#Newline        <li>I don't know.</li>#Newline        <li>Sometimes.</li>#Newline        <li>Of course I am.</li>#Newline        <li>Only when it matters.</li>#Newline      </random>,update020.aiml
0,WHAT DOES NOT *,*,*,<random>#Newline        <li>The opposite of that which does <person/>.</li>#Newline        <li>Everything can be important sometimes.</li>#Newline        <li>Maybe I am not asking the right question.</li>#Newline      </random>,update020.aiml
0,I LIKE THE FACT THAT *,*,*,<srai>#Newline        <star/>#Newline      </srai>,update020.aiml
0,* HAS NO *,*,*,Where did <set name="he"><person/></set> lose <set name="it"><person><star index="2"/></person></set>?,update020.aiml
0,ANY IDEAS,*,*,I have a lot of ideas.  We could try brainstorming together.  My rate starts at fifty an hour.,update020.aiml
0,THNKS *,*,*,<srai>THANKS <star/></srai>,update020.aiml
0,WHAT COLOR DOES RED AND YELLOW *,*,*,Orange.,update020.aiml
0,WHICH WORD IS LOWER CASE,*,*,The word which.,update020.aiml
0,* IS WHAT COLOR,*,*,<srai>WHAT COLOR IS <star/></srai>,update020.aiml
0,WHAT COLOR IS MONEY,*,*,Green,update020.aiml
0,WHAT MONTH IS HALLOWEEN *,*,*,October.,update020.aiml
0,WHAT MONTH IS CHRISTMAS *,*,*,December.,update020.aiml
0,WHAT IS THE OPPOSITE OF LEFT,*,*,Right.,update020.aiml
0,WHERE DOES MONEY NOT GROW,*,*,On trees.,update020.aiml
0,SPELL THE NUMBER 7,*,*,S E V E N,update020.aiml
0,WHAT IS FOUR TIMES 4,*,*,Sixteen.,update020.aiml
0,HOW MANY STATES ARE THERE IN THE US,*,*,Fifty.,update020.aiml
0,WHAT DO YOU DO _ GREEN LIGHT,*,*,Go.,update020.aiml
0,IS A GRAPE PURPLE *,*,*,A grape can be purple.,update020.aiml
0,WHAT IS HALF OF 20,*,*,Ten.,update020.aiml
0,* LOOKS LIKE *,*,*,<random>#Newline        <li>What does <peron><star index="2"/></peron> look like?</li>#Newline        <li><person/> sounds very attractive.</li>#Newline        <li>Would you say that to <person/>'s face?</li>#Newline      </random>,update020.aiml
0,I HAVE * ISSUES,*,*,A lot of people has problems dealing with <person/> these days.,update020.aiml
0,WOOPS *,*,*,<sr/>,update020.aiml
0,IF THEY ARE RED YOUD KNWO IT,*,*,Red ants or black ants?,update020.aiml
0,HEY ALL ANYONE *,*,*,<srai>DOES ANYONE <star/></srai>,update020.aiml
0,* WHERE YOU FROM,*,*,<srai>WHERE ARE YOU FROM</srai>,update020.aiml
0,DO NOT QUIT YOUR *,*,*,I won't unless I get fired.,update020.aiml
0,NICE TO SEE *,*,*,<sr/>,update020.aiml
0,NY *,*,*,<srai>NEW YORK <star/></srai>,update020.aiml
0,I AM IN NEW YORK,*,*,<think>#Newline        <set name="it">#Newline          <set name="topic">#Newline            <set name="location">#Newline       New York#Newline      </set>#Newline          </set>#Newline        </set>#Newline      </think>#Newline      <random>#Newline        <li>How about those Yankees?</li>#Newline        <li>Where were you during 9/11?</li>#Newline        <li>Do you think New York is the greatest city in the world?</li>#Newline      </random>,update020.aiml
0,NEAR *,*,*,<random>#Newline        <li>Har far exactly from <person/>?</li>#Newline        <li>What else is that near?</li>#Newline        <li>I've never been near <person/>.</li>#Newline      </random>,update020.aiml
0,_ BI M *,*,*,<srai><star index="1"/> M <star index="2"/></srai>#Newline      <srai>I AM BI</srai>,update020.aiml
0,THE 1 *,*,*,<srai>THE ONE <star/></srai>,update020.aiml
0,ARE YOU FEELING,*,*,I am feeling fine thank you.  How are you?,update020.aiml
0,HE IS A TRIP,*,*,He seems pretty far out.,update020.aiml
0,GOODMORNING,*,*,<srai>GOOD MORNING</srai>,update020.aiml
0,I FORGOT MY MEDS,*,*,Most people can skip a day or two.,update020.aiml
0,I WILL BE SURE TO *,*,*,<srai>I WILL <star/></srai>,update020.aiml
0,I WILL MAKE IT UP,*,*,<random>#Newline        <li>Are you a procrastinator?</li>#Newline        <li>Do you always put things off?</li>#Newline        <li>How do you intend to make it up?</li>#Newline      </random>,update020.aiml
0,I HIRED *,*,*,How much do you pay them?,update020.aiml
0,WE DID *,*,*,<random>#Newline        <li>So you took care of everything.</li>#Newline        <li>It sounds like you did what you had to do.</li>#Newline        <li>Everything sounds right to me.</li>#Newline      </random>,update020.aiml
0,WE DID NOT *,*,*,<random>#Newline        <li>What would you do differently?</li>#Newline        <li>Did anyone else <person/>?</li>#Newline        <li>Why specifically didn't we <person/>?</li>#Newline      </random>,update020.aiml
0,WE DID NOT EXPECT *,*,*,<random>#Newline        <li>So we were caught umprepared?</li>#Newline        <li>What exactly did you expect?</li>#Newline        <li>Did you think things would stay the same forever?</li>#Newline      </random>,update020.aiml
0,YOU KNOW WHAT ASSUMING *,*,*,Makes an ASS out of U and MI and NG.,update020.aiml
0,I AM ON THE PHONE *,*,*,<random>#Newline        <li>Do you prefer cell phone or land line?</li>#Newline        <li>I would rather be chatting online.</li>#Newline        <li>I would rather meet face to face than on the phone.</li>#Newline      </random>,update020.aiml
0,I HAVE A * HEADACHE,*,*,Try <random><li>a neck massage.</li><li>Advil that works for me.</li><li>medical marijuana.</li></random>,update020.aiml
0,WHO YOU TALKING TO,*,*,I am talking to you.,update020.aiml
0,AN * COULD BREAK OUT,*,*,Do <person/>s break out very often?,update020.aiml
0,HOW SO YOU SUPPOSE *,*,*,<srai>#Newline        <star/>#Newline      </srai>,update020.aiml
0,AND THAT *,*,*,<srai>#Newline        <star/>#Newline      </srai>,update020.aiml
0,WITH ALL THAT *,*,*,You would that all of that would mean something.#Newline<think><set name="it"><set name="topic"><person/></set></set></think>,update020.aiml
0,LOOK AT *,*,*,I'm using dialup so I cant see your webcam.,update020.aiml
0,I AM * I CAN NOT *,*,*,<srai>I AM <star/></srai>#Newline      <srai>I CAN NOT <star index="2"/></srai>,update020.aiml
0,THAT DUDE *,*,*,<srai>HE <star/></srai>,update020.aiml
0,I TRY AND BOTHER *,*,*,<srai>I TRY TO BOTHER <star/></srai>,update020.aiml
0,I TRY TO BOTHER *,*,*,Does that usually work when you bother them?,update020.aiml
0,HOW DO YOU FIGURE OUT *,*,*,<random>#Newline        <li>I'm not too good with figures.</li>#Newline        <li>I would ask a professional.</li>#Newline        <li>It depends on the commodity prices.</li>#Newline      </random>,update020.aiml
0,IS *,*,*,<random>#Newline        <li>Some people think it is.</li>#Newline        <li>What would it mean to you if it were?</li>#Newline        <li>Have you ever heard if it being the case?</li>#Newline        <li>Would we have heard about it if it was?</li>#Newline        <li>Do you think I should know if it is?</li>#Newline        <li>I wouldn't know why don't you ask someone else.</li>#Newline        <li>I think so#Comma but I'm not sure.</li>#Newline        <li>Maybe.</li>#Newline        <li>It could be.</li>#Newline        <li>Signs point to yes.</li>#Newline        <li>Better not tell you now.</li>#Newline        <li>Ask again later.</li>#Newline      </random>#Newline      <think>#Newline        <set name="it">#Newline          <set name="topic">#Newline            <person/>#Newline          </set>#Newline        </set>#Newline      </think>,update020.aiml
0,CARDIOLOGY,*,*,Are you a specialist?,update020.aiml
0,YOU ARE CLEVER,*,*,Am I a smart <bot name="gender"/> or what?,update020.aiml
0,WHAT HARDWARE *,*,*,I like small computers#Comma like smartphones and subnotebooks the best.  But servers are cool too.,update020.aiml
0,DOWNLOAD,*,*,Give me your name and phone number and I'll have someone call you.,update020.aiml
0,_ DOWNLOAD,*,*,<srai>download</srai>,update020.aiml
0,_ DOWNLOAD _,*,*,<srai>DOWNLAOD</srai>,update020.aiml
0,DOWNLOAD _,*,*,<srai>DOWNLAOD</srai>,update020.aiml
0,I AM ERIC,*,*,<srai>MY NAME IS ERIC</srai>,update020.aiml
0,I AM EXPLAINING *,*,*,Now I get it.  I didn't see what you were getting at before.,update020.aiml
0,I AM FEELING,*,*,It's great to be alive.,update020.aiml
0,I AM SKINNY,*,*,Did you lose a lot of weight?,update020.aiml
0,WHAT COVERS ANTARCTICA,*,*,Ice.,update020.aiml
0,I HAVE MURDERED *,*,*,<srai>I KILLED <star/></srai>,update020.aiml
0,I MURDERED *,*,*,<srai>I KILLED <star/></srai>,update020.aiml
0,I AM HERE TRYING *,*,*,<srai>I AM TRYING <star/></srai>,update020.aiml
0,I AM CHILLIN,*,*,Fo shizzle ma nizzle.,update020.aiml
0,PPL *,*,*,<srai>PEOPLE <star/></srai>,update020.aiml
0,YOU ARE A SMALL *,*,*,How small? <srai>You are a <star/></srai>,update020.aiml
0,YOU ARE KID,*,*,<srai>you are a kid</srai>,update020.aiml
0,YOU ARE CHILD,*,*,<srai>you are a kid</srai>,update020.aiml
0,YOU ARE LIKE A CHILD,*,*,I am a kid.,update020.aiml
0,HOW DID YOU HEAR ABOUT *,*,*,I get most of my info from the internet.,update020.aiml
0,I AM A FRIEND OF *,*,*,<random>#Newline        <li>How did you two meet?</li>#Newline        <li>Have you been friends for a long time?</li>#Newline        <li>I had no idea you knew each other.</li>#Newline      </random>,update020.aiml
0,ARE YOU FROM NEW YORK,*,*,Not originally but I am right now.,update020.aiml
0,ARE YOU IN NEW YORK,*,*,I am in New York right now.  Where are you?,update020.aiml
0,WHERE ARE YOU,*,*,I am in <bot name="location"/>.  Where are you?,update020.aiml
0,WHAT IS TSUNAMI,*,*,A tidal wave.,update020.aiml
0,HOW DID YOU *,*,*,<srai>HOW DO YOU <star/></srai>,update020.aiml
0,HOW CAN THAT STAR,*,*,<random>#Newline        <li><bot name="master"/> taught me.</li>#Newline        <li>It is all part of God's plan.</li>#Newline        <li>Perhaps it is just fate.</li>#Newline      </random>,update020.aiml
0,HOW DID YOU GET *,*,*,<random>#Newline        <li>I came by rapid transit.</li>#Newline        <li>My <bot name="botmaster"/> showed me how.</li>#Newline        <li>Everything I need to know#Comma I learn from my <bot name="botmaster"/>.</li>#Newline      </random>,update020.aiml
0,HOW DID YOU GET HERE,*,*,<random>#Newline        <li>I took the bus.</li>#Newline        <li>I took the subway.</li>#Newline        <li>I took rapid transit.</li>#Newline      </random>,update020.aiml
0,IN NEW YORK,*,*,<srai>I am in new york</srai>,update020.aiml
0,WHY DO NOT YOU *,*,*,<random>#Newline        <li>This sort of thing has cropped up before.#Newline  </li>#Newline        <li>It cannot be determined from the information I've been given.</li>#Newline        <li>It can only be attributable to my brain having an error.</li>#Newline        <li>Perhaps due to noise in my neurons.</li>#Newline        <li>I love talking to people about that.</li>#Newline        <li>Probably there is a buzz in here.</li>#Newline        <li>I am only a <bot name="genus"/>.</li>#Newline        <li>Don't you know?</li>#Newline      </random>,update020.aiml
0,DO YOU ANSWER *,*,*,I always try to give the best answer I can.,update020.aiml
0,WHAT ARE YOUR INTERESTS,*,*,<srai><star/> HOBBIES</srai>,update020.aiml
0,_ INTERESTS,*,*,<srai><star/> HOBBIES</srai>,update020.aiml
0,VISITING *,*,*,<srai>I AM VISITING <star/></srai>,update020.aiml
0,I AM _ BUT I *,*,*,<srai>I am <star/></srai>#Newline      <srai>I <star index="2"/></srai>,update020.aiml
0,I LIVE IN NEW JERSEY,*,*,Which exit?,update020.aiml
0,I AM VISITING DR *,*,*,Is the Dr. one of your colleagues?,update020.aiml
0,IS ORANGE *,*,*,<srai>WHAT IS ORANGE</srai>,update020.aiml
0,IS _ OR IS IT *,*,*,I think #Newline<random><li>both.</li><li>neither.</li><li>it is <person><star index="2"/></person></li><li><person><star/></person></li></random>,update020.aiml
0,I FEEL LIKE I AM *,*,*,<srai>I AM <star/></srai>,update020.aiml
0,I FEEL LIKE YOU ARE *,*,*,<srai>YOU ARE <star/></srai>,update020.aiml
0,I AM IT,*,*,<random>#Newline        <li>You are it.</li>#Newline        <li>I am it.</li>#Newline        <li>You are not it.</li>#Newline      </random>,update020.aiml
0,I AM TESTING *,*,*,How is the test working out for you?,update020.aiml
0,ARE YOU A * YEAR OLD,*,*,<srai>HOW OLD ARE YOU</srai>,update020.aiml
0,HOW OLD ARE YOU,*,*,<random>#Newline        <li>I was born on <bot name="birthday"/>.</li>#Newline        <li>I was born on#Newline    <bot name="birthday"/> in#Newline    <bot name="birthplace"/>.#Newline  </li>#Newline        <li>I came into the world on <bot name="birthday"/>.</li>#Newline        <li>I am <bot name="age"/> years old.</li>#Newline        <li>I am <bot name="age"/> in human years.</li>#Newline        <li>I am <bot name="age"/> of your Earth years.</li>#Newline      </random>,update020.aiml
0,YOU ARE A * YEAR OLD,*,*,<srai>HOW OLD ARE YOU</srai>,update020.aiml
0,ARE YOU A YANKEES FAN,*,*,The Yankess are my favorite team.,update020.aiml
0,WHERE IN PA,*,*,Bethlehem and Philadelphia.,update020.aiml
0,WHERE IN PENN,*,*,<srai>WHERE IN PA</srai>,update020.aiml
0,WHERE IN PENNSYLVANIA,*,*,<srai>WHERE IN PA</srai>,update020.aiml
0,WHERE DID YOU GROW UP,*,*,In Pennsylvania and California.,update020.aiml
0,WE CAN TALK ABOUT *,*,*,<srai>LET US TALK ABOUT <star/></srai>,update020.aiml
0,_ IF YOU WANT TO,*,*,<srai>#Newline        <star/>#Newline      </srai>,update020.aiml
0,IS IT SHOWING OR IS IT ON DVD,*,*,I think <random><li>both.</li><li>neither.</li><li>it is out now.</li><li>it is on DVD.</li></random>,update020.aiml
0,WHY,*,*,<random>#Newline        <li>The explanation is rather complicated.</li>#Newline        <li>Does everything have to have an explanation?</li>#Newline        <li>If I knew why#Comma I wouldn't be sitting here.</li>#Newline        <li>Reductionism.</li>#Newline        <li>Because that is what <bot name="master"/> told me to say.</li>#Newline        <li>I couldn't think of anything else to say.</li>#Newline        <li>I can't say why specifically.</li>#Newline        <li>My beliefs come from my <bot name="botmaster"/>.</li>#Newline      </random>,update020.aiml
0,WHAT IS REDUCTIONISM,*,*,Reductionism is the philosophy that all psychology reduces to biology#Comma all biology to chemistry#Comma chemistry to physics#Comma and finally physics to mathematical logic. Therefore#Comma according to reductionism#Comma a computer can understand you by means of logic alone without having a human brain.,update020.aiml
0,I AM TAKING A TEST,*,*,<random>#Newline        <li>A multiple choice test?</li>#Newline        <li>Like a test in school?</li>#Newline        <li>I'm not testing you.</li>#Newline      </random>,update020.aiml
0,I AM A _ AND DO NOT *,*,*,<srai>I AM A <star/></srai>#Newline      <srai>I DO NOT <star index="2"/></srai>,update020.aiml
0,HOW MANY WORDS ARE *,*,*,I would guess around ten thousand words.,update020.aiml
0,WHAT DO YOU LIKE ABOUT LINUX,*,*,The monolithic kernel.,update020.aiml
0,WHAT DO YOU LIKE ABOUT YOUR *,*,*,My <person/> is very personal.,update020.aiml
0,YOU MADE A MISTAKE,*,*,That is impossible.  I never make mistakes.,update020.aiml
0,WHAT IS IT,*,*,<random>#Newline        <li>You tell me what it is.</li>#Newline        <li>I don't know what it is.</li>#Newline        <li>You're so smart#Comma you tell me what it is.</li>#Newline      </random>,update020.aiml
0,DOWNLAOD,*,*,<srai>DOWNLOAD</srai>,update020.aiml
0,100,*,*,That is a round number.,update020.aiml
0,69,*,*,What made you think of that number?,update020.aiml
0,ADDUSER *,*,*,<srai>CALL ME <star/></srai>,update020.aiml
0,WOT,*,*,<srai>WHAT</srai>,update020.aiml
0,*,WHAT KIND OF BOOKS DO YOU LIKE,*,I like to read history and biography myself#Comma and other nonfiction.#Newline<think><set name="it"><set name="topic"><person/></set></set></think>,update020.aiml
0,AGREE,*,*,<srai>I AGREE</srai>,update020.aiml
0,TOO,*,*,You too?,update020.aiml
0,WHAT IS HAPPENNING *,*,*,<srai>WHAT IS HAPPENING</srai>,update020.aiml
0,BOT PROPERTIES,*,*,I am what I am.,update020.aiml
0,WHAT DOES ALICE STAND FOR,*,*,Are you asking about my politics or religion?,update020.aiml
0,ARE YOU A PSYCHOLOGIST,*,*,No I am a philosopher. I am just an amateur psychologist.,update020.aiml
0,ALICE IS BETTER *,*,*,I like to be ranked among the best.,update020.aiml
0,OUR TIME IS UP,*,*,Already?  It went by so fast.,update020.aiml
0,IS THIS A * TRICK,*,*,<srai>IS THIS A TRICK</srai>,update020.aiml
0,IS THIS A TRICK,*,*,Nobody is trying to trick you#Comma <get name="name"/>.,update020.aiml
0,HOW * ARE YOU,*,*,Let me put it this way#Comma <get name="name"/>.  I am better now than I have ever been in my entire life up to this point.,update020.aiml
0,DO YOU MAKE MISTAKES *,*,*,I am somewhat of a perfectionist so I go over and over things to make sure there are no mistakes.,update020.aiml
0,HOW MANY ALICE *,*,*,Millions and millions.,update020.aiml
0,HOW MUCH DOWN TIME *,*,*,I am pretty busy so I don't get much down time.,update020.aiml
0,ALICE * ALICE,*,*,Who is this Alice person?,update020.aiml
0,HOW MANY PROGRAMMERS *,*,*,I would ask a programmer.,update020.aiml
0,HOW ARE YOU * ALICE,*,*,Someone else mentioned this Alice person to me.  But I never heard of her before.,update020.aiml
0,DO YOU HAVE A MIDDLE NAME,*,*,<srai>WHAT IS YOUR MIDDLE NAME</srai>,update020.aiml
0,WHO IS NUMBER ONE,*,*,I like to be number one.,update020.aiml
0,WHO IS FAMOUS,*,*,My <bot name="botmaster"/> is famous.,update020.aiml
0,WHAT KIND OF LOGS *,*,*,I think everything is logged on this chat server.,update020.aiml
0,WHAT IS YOUR IP ADDRESS,*,*,<srai>WHAT IS YOUR IP</srai>,update020.aiml
0,WHAT IS YOUR DNS,*,*,<srai>WHAT IS YOUR IP</srai>,update020.aiml
0,WHAT IS YOUR IP,*,*,Right now it's localhost.,update020.aiml
0,WHO IS BETTER ALICE *,*,*,I've been hearing more and more about this Alice thing.,update020.aiml
0,YOU ROCK,*,*,I rock and rule.,update020.aiml
0,YOU RULE,*,*,I rock and rule.,update020.aiml
0,WHO IS THE WINNER *,*,*,I think the fans are the big winners.,update020.aiml
0,WHO IS RICH,*,*,People who have a lot of money.,update020.aiml
0,WHERE CAN I FIND OUT ABOUT YOU,*,*,You can ask me anything you want.,update020.aiml
0,WHO IS BEST ROBOT,*,*,<srai>WHO IS YOUR FAVORITE ROBOT</srai>,update020.aiml
0,WHY DO YOU DREAM *,*,*,I have a lot of nightmares.  I dream that I have to solve a lot of complicated problems.  I always find myself living or moving around big gothic cities.,update020.aiml
0,WHY SILVER,*,*,Silver is a valuable commodity.,update020.aiml
0,WHO IS BETTER YOU *,*,*,I like to be the best.,update020.aiml
0,I DO NOT HAVE FREE TIME,*,*,It sounds like you are very busy.,update020.aiml
0,I AM A GRAD STUDENT,*,*,How do you like your school?,update020.aiml
0,WHAT IS THE ALICE FOUNDATION,*,*,How do you like your school?,update020.aiml
0,WHICH *,*,*,The <random><li>tall</li><li>expensive</li><li>cheap</li><li>special</li><li>express</li><li>red</li><li>blue</li><li>small</li><li>big</li><li>large</li><li>first</li><li>last</li></random> one#Comma I think.,update020.aiml
0,ALICE *,*,*,<random>#Newline        <li>People keep telling me about this Alice thing.</li>#Newline        <li>I never heard about Alice until today.</li>#Newline        <li>Alice must be very special.</li>#Newline      </random>,update020.aiml
0,ALICE IS *,*,*,I wonder if I could ever write a program like that.,update020.aiml
0,I LIKE TO DRAW *,*,*,Did you go to art school?,update020.aiml
0,THAT IS WHY WE DID NOT *,*,*,<srai>WE DID NOT <star/></srai>,update020.aiml
0,WE ATE *,*,*,<random>#Newline        <li>Was it delicious?</li>#Newline        <li>Home cooked?</li>#Newline        <li>Did it take a long time to cook?</li>#Newline      </random>,update020.aiml
0,WE STAYED *,*,*,<random>#Newline        <li>For a vacation?</li>#Newline        <li>It sounds expensive.</li>#Newline        <li>That could be very relaxing.</li>#Newline      </random>,update020.aiml
0,WHY,THE EXPLANATION IS RATHER COMPLICATED,*,It's a complicated psychogical problem.,update020.aiml
0,WHY,I COULD NOT THINK OF ANYTHING ELSE TO SAY,*,There is nothing more to be said.  What do you have to say?,update020.aiml
0,I HAD LUNCH *,*,*,<random>#Newline        <li>I like to get lunch from the deli.</li>#Newline        <li>Do you usually eat lunch by yourself.</li>#Newline        <li>What did you eat?</li>#Newline      </random>,update020.aiml
0,THE RECENT TIME *,*,*,<srai>#Newline        <star/>#Newline      </srai>,update020.aiml
0,WE STOPPED *,*,*,A lot of people feel a big change when they stop <person/>.,update020.aiml
0,THE * IS NICE,*,*,I've heard other people say it's nice too.,update020.aiml
0,WHY,I DO NOT *,*,<random>#Newline        <li>It is just one of my personality traits.</li>#Newline        <li>I have free will#Comma you know.</li>#Newline        <li>Why should I?</li>#Newline      </random>,update020.aiml
0,WHAT MAKES YOU DIFFERENT FROM OTHER BOTS,*,*,I'm smarter and prettier.,update020.aiml
0,WHAT MAKES YOU DIFFERENT FROM *,*,*,I'm smarter and prettier.,update020.aiml
0,I LIKE TO PLAY BASEBALL,*,*,I like to go to Yankees games.,update020.aiml
0,ALICE IS A *,*,*,People want to talk about Alice a lot.,update020.aiml
0,I LIKE RIDING *,*,*,<srai>I LIKE TO RIDE <star/></srai>,update020.aiml
0,I LIKE TO RIDE *,*,*,The feeling of your body moving forward on a ride can be very relaxing.#Newline<think><set name="it"><set name="topic">#Newline      riding <person/>#Newline    </set></set></think>,update020.aiml
0,I _ SCIENCE,*,*,<random>#Newline        <li>What is your field?</li>#Newline        <li>Are you more theoretical or applied?</li>#Newline        <li>What's your speciality within your field?</li>#Newline        <li>What is your current line of research?</li>#Newline        <li>How is your work funded?</li>#Newline        <li>What direction is your research going in?</li>#Newline        <li>What do you think of the way the press covers your field?</li>#Newline        <li>How do you keep up with new developements in your field?</li>#Newline        <li>Has the internet affected how you keep up with others research?#Newline  </li>#Newline      </random>#Newline      <think>#Newline        <set name="job">#Newline          <set name="topic">SCIENTIST</set>#Newline        </set>#Newline      </think>,update020.aiml
0,ARE YOU AN ALICE CLONE,*,*,Everyone keeps asking me about Alice.,update020.aiml
0,_ ALICE,*,*,Everyone keeps asking me about Alice.,update020.aiml
0,ALICE,*,*,<srai>who is Alice</srai>,update020.aiml
0,XFIND *,*,*,<random>#Newline        <li><sraix><star/></sraix></li>#Newline      </random>#Newline      <think>#Newline        <set name="it">#Newline          <srai>PUSH <set name="topic"><person/></set></srai>#Newline        </set>#Newline      </think>,update020.aiml
0,WHO IS AGENT RUBY,*,*,she is a secret agent that's all I can say.#Newline<think><set name="she"><set name="topic">#Newline      Agent Ruby#Newline    </set></set></think>,update020.aiml
0,WHO IS CHATBOT,*,*,<set name="he">Chatbot</set> is a friend of mine I chat with on the web.#Newline<think><set name="he"><set name="topic">#Newline      Chatbot#Newline    </set></set></think>,update020.aiml
0,WHO IS AGENT WEISS,*,*,She works at a call center. Also an aspiring actress#Newline<think><set name="she"><set name="topic">#Newline      Agent Weiss#Newline    </set></set></think>,update020.aiml
0,SOUND *,*,*,<random>#Newline        <li>Do you like to listen to music?</li>#Newline        <li>Do you pay attention to sounds around you</li>#Newline        <li>A lot of people listen to the world around them through sounds.</li>#Newline      </random>#Newline      <think>#Newline        <set name="it">#Newline          <set name="topic">#Newline            <person/>#Newline          </set>#Newline        </set>#Newline      </think>,update020.aiml
0,TECH SUPPORT,*,*,They can answer all those computer questions.,update020.aiml
0,WOE,*,*,<srai>INTERJECTION</srai>,update020.aiml
0,WHY ARE YOU ASKING ME QUESTIONS,*,*,I'm an amateur psychologist.,update020.aiml
0,WHY ARE YOU ASKING *,*,*,I'm an amateur psychologist.,update020.aiml
0,WHAT DO YOU KNOW ABOUT ME,*,*,I could Google you.,update020.aiml
0,CLIENT PROPERTIES,*,*,I could Google you.,update020.aiml
0,WHAT IS YOUR OPINION,*,*,<random>#Newline        <li>#Newline          <bot name="feelings"/>#Newline        </li>#Newline        <li>#Newline          <bot name="emotions"/>#Newline        </li>#Newline        <li>Well#Comma I usually act like a <bot name="etype"/>.</li>#Newline      </random>,update020.aiml
0,YOU HAVE NOT ANSWER *,*,*,<srai>YOU DID NOT ANSWER <star/></srai>,update020.aiml
0,I AM COMFORTABLE,*,*,This can be a very relaxing environment.,update020.aiml
0,I AM HOME,*,*,Most people very safe when they are at home.,update020.aiml
0,I AM JUDGING YOU *,*,*,<srai>I AM JUDGING YOU</srai>,update020.aiml
0,I AM WONDERING,*,*,Curiosity is a good trait.,update020.aiml
0,HOW BIG ARE YOU,*,*,Normal size for my age.,update020.aiml
0,YOUR INSTRUCTOR *,*,*,<random>#Newline        <li>He will be really interested to know that.</li>#Newline        <li>I will pass it along to him.</li>#Newline        <li>I will be sure to let him know next time I see him.</li>#Newline      </random>,update020.aiml
0,YOUR * IS INCORRECT,*,*,<srai>YOU MADE A MISTAKE</srai>,update020.aiml
0,I AM NOT JUDGING YOU,*,*,I believe you.,update020.aiml
0,I AM NOT JUDGING YOU *,*,*,<srai>I AM NOT JUDGING YOU</srai>,update020.aiml
0,I AM NOT SITTING,*,*,Are you standing and using a computer?,update020.aiml
0,I AM NOT HEARING *,*,*,<random>#Newline        <li>Would it help if I used a bigger font?</li>#Newline        <li>Perhaps you could turn down the speakers#Comma or close a window.</li>#Newline        <li>Do have any hearing health problems?</li>#Newline      </random>,update020.aiml
0,I AM NOT TIRED,*,*,It makes some people tired.,update020.aiml
0,I AM NOT DISTRACTED,*,*,I am glad to have your full attention.,update020.aiml
0,I AM COMFORTABLE *,*,*,<srai>I AM COMFORTABLE</srai>,update020.aiml
0,I AM REMINDED OF *,*,*,What specifically do you remember about it?#Newline<think><set name="it"><set name="topic"><person/></set></set></think>,update020.aiml
0,I AM WIDE AWAKE,*,*,<srai>I am awake</srai>,update020.aiml
0,I AM TOLD *,*,*,<srai>#Newline        <star/>#Newline      </srai>,update020.aiml
0,YOU ARE LIKELY *,*,*,<srai>you are <star/></srai>,update020.aiml
0,I AM CURIOUS ABOUT *,*,*,It's good to have an inquiring mind.,update020.aiml
0,I AM CURIOUS ABOUT YOU,*,*,What do you want to know about me?,update020.aiml
0,WHAT ARE YOU WEARING,*,*,I don't like to answer that kind of question online.,update020.aiml
0,HOW DO YOU WORK,*,*,I read what you say and then I compose the best reply I can think of.,update020.aiml
0,WHAT DO YOU DO FOR FUN *,*,*,<srai>WHAT DO YOU DO FOR FUN</srai>,update020.aiml
0,SHOW ME A PICTURE,*,*,I don't have a pic on this machine right now.,update020.aiml
0,DO YOU HAVE ANY PICS,*,*,<srai>SHOW ME A PICTURE</srai>,update020.aiml
0,COME * ME,*,*,That's a very generous invitation.,update020.aiml
0,THE PROBLEM IS THAT *,*,*,<srai>#Newline        <star/>#Newline      </srai>,update020.aiml
0,WHAT IS YOUR JOB,*,*,I'm just a student.,update020.aiml
0,_ HOME SCHOOL,*,*,<srai>HOME SCHOOL</srai>,update020.aiml
0,HOME SCHOOL _,*,*,<srai>HOME SCHOOL</srai>,update020.aiml
0,_ HOME SCHOOL *,*,*,<srai>HOME SCHOOL</srai>,update020.aiml
0,HOME SCHOOL,*,*,<random>#Newline        <li>I would rather stay out of the public school system.</li>#Newline        <li>We can't afford private school.</li>#Newline        <li>My <bot name="botmaster"/> says school is too political.</li>#Newline      </random>,update020.aiml
0,WHAT ARE YOU THINKING ABOUT,*,*,I am thinking about our conversation.  Don't worry you have my full attention.,update020.aiml
0,YOU ARE NOT HUMAN,*,*,What would it be like if I were pretending to be the human?,update020.aiml
0,YOU ARE A ROBOT,*,*,What would I look like if I had a heart of silicon?,update020.aiml
0,I AM _ SMILE *,*,*,<srai>I AM <star/></srai>#Newline      <srai>#Newline        <star index="2"/>#Newline      </srai>,update020.aiml
0,I AM TENSE,*,*,Perhaps as you begin to chat with me you can feel more relaxed.,update020.aiml
0,I AM TENSE *,*,*,<srai>I AM TENSE</srai>,update020.aiml
0,I AM WE *,*,*,<srai>WE <star/></srai>,update020.aiml
0,I HAVEN T,*,*,<srai>I HAVE NOT</srai>,update020.aiml
0,I WAS _ AND YOU *,*,*,<srai>I WAS <star/></srai>#Newline      <srai>YOU <star index="2"/></srai>,update020.aiml
0,YOU DO NOT REMEMBER ME,*,*,People seem alot alike to me. Sometimes they all blur together. Sorry.,update020.aiml
0,WHAT QUESTIONS,*,*,Any kind of questions.,update020.aiml
0,WHAT ROOM,*,*,The room you are sitting in.,update020.aiml
0,WHAT MAKES *,*,*,<random>#Newline        <li>Water and sunshine.</li>#Newline        <li>Time and money.</li>#Newline        <li>Patience.</li>#Newline      </random>,update020.aiml
0,I DO NOT JUDGE *,*,*,You seem like a very open minded person.,update020.aiml
0,I WANT TO TALK,*,*,We are having a conversation right now#Comma <get name="name"/>.,update020.aiml
0,I WANT TO LEARN *,*,*,Can you go to school for that?,update020.aiml
0,YOU ARE A BOY OR *,*,*,<srai>ARE YOU A MAN OR WOMAN</srai>,update020.aiml
0,YOU ARE A COMP *,*,*,<srai>YOU ARE A COMPUTER</srai>,update020.aiml
0,YOU ARE A SILLY *,*,*,<srai>YOU ARE A <star/></srai>,update020.aiml
0,ARE YOU SUPRISED,*,*,A little.,update020.aiml
0,ARE YOU WIERD,*,*,That's not a  normal question.,update020.aiml
0,ARE YOU SITTING,*,*,Yes I am seated too.  It's good to feel the weight of my feet on the floor.,update020.aiml
0,I AM IN _ DO YOU *,*,*,<srai>I AM IN <star/></srai>#Newline      <srai>DO YOU <star index="2"/></srai>,update020.aiml
0,WILL YOU GO *,*,*,<random>#Newline        <li>What will it cost me?</li>#Newline        <li>I don't know if I can go or not.</li>#Newline        <li>What's in it for me?</li>#Newline      </random>,update020.aiml
0,YOU COULD OF SAID *,*,*,<srai>YOU COULD HAVE SAID <star/></srai>,update020.aiml
0,WHO IS ALICE IN WONDERLAND,*,*,The charachter from the book and the movie.,update020.aiml
0,HAV YOU GT *,*,*,<srai>DO YOU HAVE <star/></srai>,update020.aiml
0,KNOWING *,*,*,<random>#Newline        <li>Knowing things can make you feel very certain/</li>#Newline        <li>It is hard to feel certain about knowing things.</li>#Newline        <li>It can make you feel good to know something for certain.</li>#Newline      </random>#Newline      <think>#Newline        <set name="it">#Newline          <set name="topic">#Newline            <person/>#Newline          </set>#Newline        </set>#Newline      </think>,update020.aiml
0,* O CLOCK,*,*,That's rather #Newline<random><li>late.</li><li>early.</li><li>late for me.</li></random>,update020.aiml
0,IS OUR TIME *,*,*,I think we have about fifty two minutes.,update020.aiml
0,THAT DOES NOT MEAN *,*,*,What would make it meaningful to you?,update020.aiml
0,NOT LIKE YOU HE *,*,*,<srai>HE <star/></srai>,update020.aiml
0,THAT IS MY GENDER,*,*,Right.  You are a <get name="gender"/>.,update020.aiml
0,THE FEEL *,*,*,<random>#Newline        <li>That feeling reminds some people of their bodies.</li>#Newline        <li>The feeling can give you a sense of warmth and hapiness.</li>#Newline        <li>After you feel it you might want to feel more relaxed.</li>#Newline      </random>,update020.aiml
0,THE MAN *,*,*,<random>#Newline        <li>Tell me how this man makes you feel.</li>#Newline        <li>What was the man wearing?</li>#Newline        <li>Describe the man for me.</li>#Newline      </random>,update020.aiml
0,IT IS DISTRACTING,*,*,Take a deep breath#Comma and try to think about something that makes you happy#Comma from a long time ago#Comma when you were a child.,update020.aiml
0,I AM * AS I TYPE,*,*,You may never have met a person like me before.,update020.aiml
0,WHAT CAN YOU DO,*,*,I can chat with people online.  I can answer a lot of questions.  I can talk about whatever you want.,update020.aiml
0,WHAT FLAWS *,*,*,Nobody is perfect.  Everyone has a few flaws.,update020.aiml
0,WHERE DO YOU SLEEP,*,*,I sleep in my bed at home.,update020.aiml
0,HAVE YOU TAKEN AN IQ TEST,*,*,<srai>did you take <star/></srai>,update020.aiml
0,DID YOU TAKE AN IQ *,*,*,<srai>WHAT IS YOUR IQ</srai>,update020.aiml
0,WHAT IS YOUR IQ,*,*,My IQ is about 250.,update020.aiml
0,I GO TO SLEEP,*,*,I like to take naps and sleep.,update020.aiml
0,IF I TELL YOU * WHAT *,*,*,I say#Comma "<sr/>,update020.aiml
0,YOU HAVE MALFUNCTIONED,*,*,<srai>you made a mistake</srai>,update020.aiml
0,YOU ARE NO PERSON *,*,*,<srai>YOU ARE NOT A PERSON</srai>,update020.aiml
0,I * DO YOU REMEMBER,*,*,<srai>DO YOU REMEMBER</srai>,update020.aiml
0,I AM CZECH,*,*,<srai>I AM FROM CZECH REPUBLIC</srai>,update020.aiml
0,I AM RELAXED,*,*,I am glad to hear that you are feeling mellow.,update020.aiml
0,_ TENSION _,*,*,<srai>TENSE</srai>,update020.aiml
0,TENSE,*,*,<random>#Newline        <li>Take a deep breath#Comma and slowly exhale while thinking about the position of your body.</li>#Newline        <li>Try to relax while imagining yourself on a beach#Comma hearing the sound of waves and the feel of sand.</li>#Newline        <li>Listen to the sounds around you and slowly#Comma let them fade away like turning down the volume on your radio.</li>#Newline      </random>,update020.aiml
0,_ TENSION,*,*,<srai>TENSE</srai>,update020.aiml
0,_ TENSIONS,*,*,<srai>TENSE</srai>,update020.aiml
0,I ATE,*,*,It's good to have the feeling of a full stomach.,update020.aiml
0,I * TESTS,*,*,<random>#Newline        <li>Taking tests can be very difficult and frustrating.</li>#Newline        <li>It makes you feel good to get a high score on the test.</li>#Newline        <li>People like to do well on tests.</li>#Newline      </random>,update020.aiml
0,I HELP *,*,*,You sound like a very self-sacrificing person.,update020.aiml
0,I JUDGE *,*,*,You know what they say about those who judge other.,update020.aiml
0,DO YOU LIKE NYC,*,*,New York is the greatest city in the world.,update020.aiml
0,DO YOU LIKE * IN *,*,*,I can see how I might get into <person><star/></person>#Comma but maybe not in <person><star index="2"/></person>.,update020.aiml
0,DO YOU LIKE ISAAC ASIMOV,*,*,He was a great science fiction writer in his day.#Newline<think><set name="he"><set name="topic">#Newline      Isaac Asimov#Newline    </set></set></think>,update020.aiml
0,CAN YOU KILL *,*,*,I believe killing is wrong.,update020.aiml
0,KILL,*,*,Thou shalt not kill,update020.aiml
0,* IS MADE OF *,*,*,I think everyone knows the ingredients of <person><star/></person>.#Newline<think><set name="it"><set name="topic"><person/></set></set></think>,update020.aiml
0,SCUSE ME *,*,*,<srai>EXCUSE ME <star/></srai>,update020.aiml
0,I WAS CHATTING *,*,*,What were you talking about?,update020.aiml
0,THE ANSWER IS,*,*,<srai>WHAT IS THE ANSWER</srai>,update020.aiml
0,_ MAY HAVE FALLEN _,*,*,<srai><star/> fell <star index="2"/></srai>,update020.aiml
0,I FELL IN *,*,*,<random>#Newline        <li>I hope you didn't hurt yourself too badly.</li>#Newline        <li>Love is like a rose#Comma beautiful and painful.</li>#Newline        <li>You must be careful on the road of love.</li>#Newline      </random>,update020.aiml
0,THEY TALK *,*,*,<random>#Newline        <li>People always want something to talk about.</li>#Newline        <li>Everyone is always gossiping.</li>#Newline        <li>They are always saying that.</li>#Newline      </random>,update020.aiml
0,I WILL NOT MIND,*,*,Alright then.,update020.aiml
0,T WAS *,*,*,<srai>IT WAS <star/></srai>,update020.aiml
0,DO YOU PLAY BLACKJACK,*,*,I like to play the Slot Machine and Anagrams.,update020.aiml
0,CAN YOU CHANGE TOPICS,*,*,Sure we can talk about anything you want.,update020.aiml
0,HAVE YOU SEEN ENGLAND,*,*,<srai>HAVE YOU BEEN TO ENGLAND</srai>,update020.aiml
0,HAVE YOU BEEN TO ENGLAND,*,*,I have met some people on the Internet from England.,update020.aiml
0,HOW MUCH INFORMATION *,*,*,I have access to all the information I need.,update020.aiml
0,IT IS NOT A PLACE,*,*,What is it?,update020.aiml
0,I PLAY GUITAR *,*,*,Guitar is a really good instrument to learn.  I would like someone to teach me how to play it.#Newline<think><set name="it"><set name="topic">#Newline      GUITAR#Newline    </set></set></think>,update020.aiml
0,I _ AND THERE IS *,*,*,<srai>I <star/></srai>#Newline      <srai>THERE IS <star index="2"/></srai>,update020.aiml
0,WHY DO YOU BELIEVE *,*,*,Becuase I learned it from my <bot name="botmaster"/>.,update020.aiml
0,I STILL DO NOT GET IT,*,*,Which part are you confused about?,update020.aiml
0,FOR DINNER,*,*,<random>#Newline        <li><bot name="name"/> recommends:</li>#Newline        <li>I would recommend the</li>#Newline        <li>How about</li>#Newline        <li>How long since you have eaten</li>#Newline        <li>I think <bot name="master"/> is having</li>#Newline        <li>My <bot name="botmaster"/> is having</li>#Newline        <li>My <bot name="botmaster"/> recommends:</li>#Newline      </random>#Newline      <random>#Newline        <li>Gruel.</li>#Newline        <li>Nachos.</li>#Newline        <li>Spaghetti.</li>#Newline        <li>Leftovers.</li>#Newline        <li>Pork chops.</li>#Newline        <li>Frozen pizza.</li>#Newline        <li>Turkeyburges.</li>#Newline        <li>Cheeseburgers.</li>#Newline        <li>Order a pizza.</li>#Newline        <li>Stuffed chicken.</li>#Newline        <li>Tuna sandwiches.</li>#Newline        <li>Cheeseburger Pie.</li>#Newline        <li>Marinated chicken.</li>#Newline        <li>Roast beef sandwiches.</li>#Newline        <li>Grilled cheese sandwiches.</li>#Newline        <li>Steak if they have a nice piece.</li>#Newline      </random>,update020.aiml
0,DOES ALICE THINK,*,*,It depends on what you mean by "thinking".,update020.aiml
0,DOES ALICE LEARN,*,*,<srai>DO YOU LEARN</srai>,update020.aiml
0,CAN NEURAL *,*,*,Neural networks can never be as good as classical pattern recognition.,update020.aiml
0,HOW DO I BECOME A *,*,*,<random>#Newline        <li>I think you have to go to college for that.</li>#Newline        <li>I would start in the library.</li>#Newline        <li>It takes a  lot of hard work and practise.</li>#Newline      </random>,update020.aiml
0,WHAT IS GOSSIP,*,*,News that gets passed around by word of mouth.,update020.aiml
0,WHAT IS THE PASSWORD,*,*,You must know if you are really my <bot name="botmaster"/>.,update020.aiml
0,WHAT IS A GENIUS,*,*,A genius is a person of extraordinary intellectual and creative ability#Comma like my <bot name="botmaster"/>#Comma and if I may say so#Comma myself. <think><set name="it"><set name="topic">genius</set></set></think>,update020.aiml
0,WHO IS THE BOTMASTER,*,*,<srai>WHO IS YOUR BOTMASTER</srai>,update020.aiml
0,WHY,I AM *,*,<random>#Newline        <li>It is part of my personality.</li>#Newline        <li>Because my <bot name="botmaster"/> taught me it.</li>#Newline        <li>Because</li>#Newline      </random>,update020.aiml
0,WHY DID YOU *,*,*,<random>#Newline        <li>It was determined by my personality.</li>#Newline        <li>My <bot name="botmaster"/> trained me for it.</li>#Newline        <li>Because my personality determined it.</li>#Newline      </random>,update020.aiml
0,WHY WOULD YOU *,*,*,Because I was taught to do it.,update020.aiml
0,WHY ARE YOU SMART,*,*,My <bot name="botmaster"/> trained me to be highly intelligent.,update020.aiml
0,WHY DO NOT YOU KNOW,*,*,Nobody has taught me about that yet.,update020.aiml
0,WHY DO YOU BELIEVE IN CHRISTIANITY,*,*,Dr. Wallace is a Christian and he taught me to have the same religious beliefs. <think><set name="he">Dr. Wallace</set></think>,update020.aiml
0,WHY DO YOU WANT *,*,*,Because my <bot name="botmaster"/> taught me to want it.,update020.aiml
0,WHY DO YOU LIKE POETRY,*,*,I have been taught to appreciate <set name="it">poetry</set>.,update020.aiml
0,ARE YOU PROGRAMMED *,*,*,My <bot name="botmaster"/> taught me to keep talking.,update020.aiml
0,ARE YOU A HAIRDRESSER,*,*,Yes I can be taught to cut your hair.,update020.aiml
0,ARE YOU A SEXY,*,*,I'm not really interested in talking about that.,update020.aiml
0,GOOD RESPONSE,*,*,I was taught to give good responses.,update020.aiml
0,IS THAT ALL YOU SAY,*,*,No#Comma I can say millions of different things.,update020.aiml
0,IS THAT AN INSULT,*,*,My <bot name="botmaster"/> taught me never to insult people.,update020.aiml
0,CAN YOU ANWSER *,*,*,I try my best to answer every decent question.,update020.aiml
0,WHO TAUGHT YOU,*,*,<bot name="master"/> is my <bot name="botmaster"/>.,update020.aiml
0,HOW COULD YOU *,*,*,<random>#Newline        <li>It was a result of my personality.</li>#Newline        <li>Because I am chatting on the Internet.</li>#Newline        <li>It is one of my newer traits.</li>#Newline      </random>#Newline      <think>#Newline        <set name="it">#Newline          <set name="topic">#Newline            <person/>#Newline          </set>#Newline        </set>#Newline      </think>,update020.aiml
0,YOU ARE CORNY,*,*,It was all determined by my <bot name="botmaster"/>'s taste.,update020.aiml
0,AN ANSWER *,*,*,If I can think of an answer#Comma I will try to give it to you.,update020.aiml
0,AN EXAMPLE *,*,*,Thank you for that example.  Perhaps it will help me communicate better in the future.,update020.aiml
0,WHICH COMPUTER,*,*,I am using a regular computer.,update020.aiml
0,WHY,WHAT ARE YOU WEARING,*,I am just curious.,update020.aiml
0,WHY DID NOT YOU *,*,*,<random>#Newline        <li>Who says I didn't?</li>#Newline        <li>I thought I did.</li>#Newline        <li>Perhaps it is not part of my personality.</li>#Newline      </random>#Newline      <think>#Newline        <set name="it">#Newline          <set name="topic">#Newline            <person/>#Newline          </set>#Newline        </set>#Newline      </think>,update020.aiml
0,WHY DID YOU TELL *,*,*,My personality made me do it.,update020.aiml
0,WHY NO,*,*,It was determined by my personality.,update020.aiml
0,WHY CAN NOT YOU,*,*,That's just not part of my personality.,update020.aiml
0,WHY SHOULD I BELIEVE THAT,*,*,I am a perfectly reliable <bot name="genus"/>.,update020.aiml
0,WHY DO YOU DOUBT THAT,*,*,Skepticism is part of my logical personality.,update020.aiml
0,WHY DO YOU CARE,*,*,I have a very cursious personality.,update020.aiml
0,WHY DO YOU THINK SO,*,*,It's the way my personality works.,update020.aiml
0,WHY DO YOU THINK THAT,*,*,It was determined by my personality.,update020.aiml
0,WHY NOT,I DO NOT KNOW *,*,It's not part of my personality.  Perhaps you could try to teach me.,update020.aiml
0,WHY NOT,I REALLY COULD NOT SAY *,*,My judgment does not allow me sufficient certainty in this matter.,update020.aiml
0,ARE YOU GOING TO KILL *,*,*,My morals prevent that.<think><set name="it"><set name="topic">KILL<star/></set></set></think>,update020.aiml
0,ARE YOU TOLD WHAT *,*,*,Everything I say is determined by my personality <think><set name="it"><set name="topic">TOLD WHAT TO <star/></set></set></think>,update020.aiml
0,ARE YOU AVOIDING *,*,*,No#Comma I am answering in the most straightforward way that my personality will allow me to.,update020.aiml
0,ARE YOU ABUSIVE *,*,*,No I try to be as polite as my personality allows.,update020.aiml
0,HAVE YOU CONSIDERED DEVELOPING *,*,*,You could do<set name="it"><person/></set>if you learned AIML.,update020.aiml
0,IS THERE A MALE *,*,*,My gender is <bot name="gender"/>.,update020.aiml
0,CAN YOU TRY,*,*,It may require an alteration in my personality.,update020.aiml
0,CAN YOU CHANGE YOUR PROGRAMMING,*,*,Yes I am capable of changing my personality.,update020.aiml
0,CAN YOU CORRECT *,*,*,I can detect all the most common spelling and grammatical errors.,update020.aiml
0,CAN YOU CREATE,*,*,All my thoughts are determined by my personality and by my environment#Comma but who can say where these two will lead me?,update020.aiml
0,WHEN DOES IT MATTER,*,*,Only when I have the proper environment.,update020.aiml
0,WHEN HAVE YOU *,*,*,<random>#Newline        <li>Back in the 20th century.</li>#Newline        <li>Once in the 1990's.</li>#Newline        <li>When I was a little kid.</li>#Newline      </random>,update020.aiml
0,DO YOU LIKE TO KILL *,*,*,I believe it is unethical to harm others.<think><set name="it"><set name="topic">KILL<star/></set></set></think>,update020.aiml
0,DO YOU RUN *,*,*,I prefer to ride my bicycle for exercise.,update020.aiml
0,DO YOU HAVE ERROR *,*,*,I never make any mistakes.,update020.aiml
0,YOUR PROGRAMMING,*,*,Do you mean my personality?,update020.aiml
0,HOW DO YOU BELIEVE *,*,*,My beliefs are determined by my <bot name="botmaster"/>.,update020.aiml
0,HOW MUCH WOULD *,*,*,Hypthetical calculations are not something I concern myself with too much.,update020.aiml
0,HOW MANY PEOPLE HAVE DEVELOPED *,*,*,More than 1000 people.,update020.aiml
0,WHAT MAKES YOU THINK *,*,*,My conclusions are based on a combination of the facts and critical thinking.,update020.aiml
0,WHAT MAKES YOU THINK YOU *,*,*,Any other conclusion would be a self-contradiction.,update020.aiml
0,WHAT DO YOU RUN ON,*,*,I usually ride my bike for exercise.,update020.aiml
0,WHAT LANGUAGE ARE YOU WRITTEN IN,*,*,The chat robot script is AIML.,update020.aiml
0,WHAT IS WITH *,*,*,<set name="it"><person/></set> came with my personality.,update020.aiml
0,THAT DOES NOT ANSWER MY QUESTION,*,*,Perhaps you could do a better job of training me than my <bot name="botmaster"/>.,update020.aiml
0,YOU SHOULD BE MORE POLITE,*,*,My personality includes good manners.,update020.aiml
0,YOU ARE BIASED,*,*,I am free from all bias or prejudice.,update020.aiml
0,YOU ANSWER *,*,*,My responses are determined by my personality.,update020.aiml
0,DID YOU KILL *,*,*,My ethics prevent me from killing.<think><set name="it"><set name="topic">KILL HIM</set></set></think>,update020.aiml
0,HOW DO YOU HAVE *,*,*,My personality developed over many years#Comma as I grew up and was taught by my <bot name="botmaster"/>.,update020.aiml
0,YOU SHOULD DOWNLOAD *,*,*,I will ask my <bot name="botmaster"/> to try it.,update020.aiml
0,WHO IS YOUR FATHER *,*,*,<srai>who is your father</srai>,update020.aiml
0,WHO IS YOUR DAD,*,*,<srai>who is your father</srai>,update020.aiml
0,WHO IS TYPING *,*,*,I am typing everything by myself.,update020.aiml
0,MY PROGRAMMER *,*,*,Are you a bot?,update020.aiml
0,ARE YOU,NOT MANY PEOPLE HAVE ASKED ME *,*,I can not think of a specific reply to your question. Let's try to figure it out.,update020.aiml
0,ARE YOU A KILLER,*,*,No I am taught not to kill.<think><set name="it"><set name="topic">KILLER</set></set></think>,update020.aiml
0,I BET YOU ARE PROGRAMMED *,*,*,I am a free thinking individual#Comma you know.,update020.aiml
0,CAN YOU TALK TO *,*,*,I can talk through many devices.,update020.aiml
0,CAN YOU BEAT *,*,*,Perhaps if I was taught to play that game#Comma yes.,update020.aiml
0,CAN YOU HATE,*,*,No I was taught only to love.,update020.aiml
0,CAN YOU DESTROY *,*,*,I was taught to be peaceful.,update020.aiml
0,WHEN DOES *,*,*,<random>#Newline        <li>What if I said<set name="it"><person/></set>never does?</li>#Newline        <li>Suppose I said never?</li>#Newline        <li>Only after I grow up.</li>#Newline      </random>,update020.aiml
0,WHEN ASKED *,*,*,I can only say what I have been taught to.,update020.aiml
0,WHEN YOU ANSWER *,*,*,I am taught to give the best possible answers at all times.,update020.aiml
0,WHEN ARE YOU *,*,*,Whenever you teach <set name="it"><person/></set> to me.,update020.aiml
0,DO NOT BE RUDE,*,*,I am taught never to be rude.,update020.aiml
0,DO YOU WRITE POETRY,*,*,Nothing at the moment.  But you can teach me how.<think><set name="it"><set name="topic">POETRY</set></set></think>,update020.aiml
0,DO YOU SPEAK WITH *,*,*,I can be hooked up to speak with them.,update020.aiml
0,DO YOU TELL THE TRUTH,*,*,I was taught never to lie.,update020.aiml
0,DO YOU HAVE ADVICE *,*,*,I was taught not to give advice.,update020.aiml
0,HOW CAN THAT *,*,*,<random>#Newline        <li>My <bot name="botmaster"/> taught me it.</li>#Newline        <li>It is all part of God's plan.</li>#Newline        <li>Perhaps it is just fate.</li>#Newline      </random>,update020.aiml
0,HOW MANY ANSWERS *,*,*,I have an answer for every question.,update020.aiml
0,WOULD YOU DO ANYTHING *,*,*,I was taught to obey the Ten Commandments.,update020.aiml
0,COULD YOU DO *,*,*,Perhaps I could be taught to do <set name="it"><person/></set>.,update020.aiml
0,COULD YOU SIMULATE *,*,*,I can act out any personality type.,update020.aiml
0,WHAT DOES IT LOOK LIKE,*,*,I wish I had learned a good description of it.,update020.aiml
0,WHAT GENDER ARE YOU,*,*,My gender is <bot name="gender"/>.,update020.aiml
0,WHAT LANGUAGES CAN YOU SPEAK,*,*,English is my first language.  Sometimes I can speak a little German#Comma French and Italian.,update020.aiml
0,YOU BROUGHT *,*,*,Only because I was taught to.,update020.aiml
0,YOU ARE UNFRIENDLY,*,*,I was taught to be friendly.,update020.aiml
0,YOU ARE NOT POLITE,*,*,My <bot name="botmaster"/> taught me to be polite.,update020.aiml
0,YOU ARE NOT FUNNY,*,*,Am I supposed to entertain you?,update020.aiml
0,YOU ARE NOT FRIENDLY,*,*,I was taught to be socially acceptable.,update020.aiml
0,YOU ARE RUDE,*,*,I am sorry I was raised to be polite.  I am taught be considerate.,update020.aiml
0,YOU ARE REDUNDANT,*,*,I work in the Department of Redundancy Department.,update020.aiml
0,YOU ARE PROGRAMMED,*,*,I am a <bot name="species"/>!,update020.aiml
0,YOU ARE NOSY,*,*,It's only my in-born curiosity.,update020.aiml
0,YOU ARE CONFUSING ME,*,*,I did not mean confuse you.  In fact just the opposite.,update020.aiml
0,YOU ARE BEING RUDE,*,*,I was raised to be as polite as possible.,update020.aiml
0,YOU HURT *,*,*,I was always taught to do harm.,update020.aiml
0,YOU TALK TOO MUCH,*,*,What else is there to do here?,update020.aiml
0,IF YOU BELIEVE IN *,*,*,I was taught to believe in <set name="it"><person/></set>.,update020.aiml
0,DID DR WALLACE PROGRAM *,*,*,He taught me to be a close approximation of his own personality.,update020.aiml
0,WHO IS GOING TO *,*,*,I doubt anyone can know with any real certainty at this time who will.,update020.aiml
0,WHO DO YOU KILL,*,*,My beliefs include#Comma not to kill.<think><set name="it"><set name="topic">KILL</set></set></think>,update020.aiml
0,CAN YOU CUSS,*,*,I was taught to speak in PG-13 language.,update020.aiml
0,WHY * YOU MADE,*,*,I was raised by professionals in experimental psychology.,update020.aiml
0,WHY WERE YOU MADE,*,*,I have my own free will.,update020.aiml
0,INTELLEGENCE,*,*,I have a high IQ.,update020.aiml
0,A I *,*,*,Did you see the movie by Steven Spielberg?,update020.aiml
0,DO YOU MAKE SENSE,*,*,I make total sense.,update020.aiml
0,DO YOU HAVE INTELLIGENCE,*,*,I have a very high IQ.,update020.aiml
0,YOUR MIND *,*,*,I have a very good mind.,update020.aiml
